2026-01-16 10:35:17,427 [main] INFO nopCommerce - ********** Launching Browser **********
2026-01-16 10:35:17,435 [main] INFO nopCommerce - ********** Opening URL **********
2026-01-16 10:35:22,023 [main] INFO nopCommerce - ********** Providing Login Details **********
2026-01-16 10:35:22,816 [main] INFO nopCommerce - ********** Started Login Process **********
2026-01-16 10:35:30,108 [main] INFO nopCommerce - ********** Launching Browser **********
2026-01-16 10:35:30,109 [main] INFO nopCommerce - ********** Opening URL **********
2026-01-16 10:35:34,712 [main] INFO nopCommerce - ********** Providing Login Details **********
2026-01-16 10:35:34,799 [main] INFO nopCommerce - ********** Started Login Process **********
2026-01-16 10:37:55,362 [main] INFO nopCommerce - ********** Launching Browser **********
2026-01-16 10:37:55,363 [main] INFO nopCommerce - ********** Opening URL **********
2026-01-16 10:38:17,259 [main] INFO nopCommerce - ********** Providing Login Details **********
2026-01-16 10:38:17,354 [main] INFO nopCommerce - ********** Started Login Process **********
2026-01-16 10:39:42,460 [main] INFO nopCommerce - ********** Launching Browser **********
2026-01-16 10:39:42,461 [main] INFO nopCommerce - ********** Opening URL **********
2026-01-16 10:39:45,721 [main] INFO nopCommerce - ********** Launching Browser **********
2026-01-16 10:39:45,723 [main] INFO nopCommerce - ********** Opening URL **********
2026-01-16 10:39:46,941 [main] INFO nopCommerce - ********** Launching Browser **********
2026-01-16 10:39:46,941 [main] INFO nopCommerce - ********** Opening URL **********
2026-01-16 12:45:57,726 [main] INFO nopCommerce - ********** Launching Browser **********
2026-01-16 12:45:57,747 [main] INFO nopCommerce - ********** Opening URL **********
2026-01-16 12:46:49,164 [main] INFO nopCommerce - ********** Launching Browser **********
2026-01-16 12:46:49,171 [main] INFO nopCommerce - ********** Opening URL **********
2026-01-16 12:47:02,274 [main] INFO nopCommerce - ********** Providing Login Details **********
2026-01-16 12:47:02,371 [main] INFO nopCommerce - ********** Started Login Process **********
2026-01-16 12:47:46,971 [main] INFO nopCommerce - ********** Launching Browser **********
2026-01-16 12:47:46,972 [main] INFO nopCommerce - ********** Opening URL **********
2026-01-16 12:47:48,738 [main] INFO nopCommerce - ********** Providing Login Details **********
2026-01-16 12:47:48,816 [main] INFO nopCommerce - ********** Started Login Process **********
2026-01-16 12:47:56,368 [main] INFO nopCommerce - ********** Launching Browser **********
2026-01-16 12:47:56,369 [main] INFO nopCommerce - ********** Opening URL **********
2026-01-16 12:47:58,179 [main] INFO nopCommerce - ********** Providing Login Details **********
2026-01-16 12:47:58,292 [main] INFO nopCommerce - ********** Started Login Process **********
2026-01-16 12:48:06,047 [main] INFO nopCommerce - ********** Launching Browser **********
2026-01-16 12:48:06,049 [main] INFO nopCommerce - ********** Opening URL **********
2026-01-16 12:48:09,344 [main] INFO nopCommerce - ********** Providing Login Details **********
2026-01-16 12:48:09,445 [main] INFO nopCommerce - ********** Started Login Process **********
2026-01-16 12:48:15,631 [main] INFO nopCommerce - ********** Login Failed **********
2026-01-16 12:48:17,213 [main] INFO nopCommerce - ********** Launching Browser **********
2026-01-16 12:48:17,214 [main] INFO nopCommerce - ********** Opening URL **********
2026-01-16 12:48:19,058 [main] INFO nopCommerce - ********** Providing Login Details **********
2026-01-16 12:48:19,166 [main] INFO nopCommerce - ********** Started Login Process **********
2026-01-16 12:48:25,570 [main] INFO nopCommerce - ********** Login Failed **********
2026-01-16 12:48:27,246 [main] INFO nopCommerce - ********** Launching Browser **********
2026-01-16 12:48:27,247 [main] INFO nopCommerce - ********** Opening URL **********
2026-01-16 12:48:29,092 [main] INFO nopCommerce - ********** Providing Login Details **********
2026-01-16 12:48:29,187 [main] INFO nopCommerce - ********** Started Login Process **********
2026-01-16 12:48:36,815 [main] INFO nopCommerce - ********** Login Passed **********
2026-01-16 13:13:24,097 [main] INFO nopCommerce - ********** Launching Browser **********
2026-01-16 13:13:24,106 [main] INFO nopCommerce - ********** Opening URL **********
2026-01-16 13:13:25,892 [main] INFO nopCommerce - ********** Providing Login Details **********
2026-01-16 13:13:26,039 [main] INFO nopCommerce - ********** Started Login Process **********
2026-01-16 13:13:38,643 [main] INFO nopCommerce - ********** Launching Browser **********
2026-01-16 13:13:38,644 [main] INFO nopCommerce - ********** Opening URL **********
2026-01-16 13:13:43,596 [main] INFO nopCommerce - ********** Providing Login Details **********
2026-01-16 13:13:43,685 [main] INFO nopCommerce - ********** Started Login Process **********
2026-01-16 13:13:52,910 [main] INFO nopCommerce - ********** Launching Browser **********
2026-01-16 13:13:52,911 [main] INFO nopCommerce - ********** Opening URL **********
2026-01-16 13:13:56,359 [main] INFO nopCommerce - ********** Launching Browser **********
2026-01-16 13:13:56,363 [main] INFO nopCommerce - ********** Opening URL **********
2026-01-16 13:14:11,859 [main] INFO nopCommerce - ********** Providing Login Details **********
2026-01-16 13:14:11,968 [main] INFO nopCommerce - ********** Started Login Process **********
2026-01-16 13:14:25,805 [main] INFO nopCommerce - ********** Login Failed **********
2026-01-16 13:14:28,816 [main] INFO nopCommerce - ********** Click on Logout link **********
2026-01-16 13:14:35,605 [main] INFO nopCommerce - ********** Closing Browse r**********
2026-01-16 13:14:36,808 [main] INFO nopCommerce - ********** Launching Browser **********
2026-01-16 13:14:36,809 [main] INFO nopCommerce - ********** Opening URL **********
2026-01-16 13:14:38,097 [main] INFO nopCommerce - ********** Providing Login Details **********
2026-01-16 13:14:38,223 [main] INFO nopCommerce - ********** Started Login Process **********
2026-01-16 13:14:44,586 [main] INFO nopCommerce - ********** Login Failed **********
2026-01-16 13:14:51,094 [main] INFO nopCommerce - ********** Launching Browser **********
2026-01-16 13:14:51,094 [main] INFO nopCommerce - ********** Opening URL **********
2026-01-16 13:19:13,574 [main] INFO nopCommerce - ********** Launching Browser **********
2026-01-16 13:19:13,582 [main] INFO nopCommerce - ********** Opening URL **********
2026-01-16 13:19:15,081 [main] INFO nopCommerce - ********** Providing Login Details **********
2026-01-16 13:19:15,228 [main] INFO nopCommerce - ********** Started Login Process **********
2026-01-16 13:19:22,623 [main] INFO nopCommerce - ********** Launching Browser **********
2026-01-16 13:19:22,624 [main] INFO nopCommerce - ********** Opening URL **********
2026-01-16 13:20:04,131 [main] INFO nopCommerce - ********** Providing Login Details **********
2026-01-16 13:20:04,216 [main] INFO nopCommerce - ********** Started Login Process **********
2026-01-16 13:21:40,975 [main] INFO nopCommerce - ********** Launching Browser **********
2026-01-16 13:21:40,977 [main] INFO nopCommerce - ********** Opening URL **********
2026-01-16 13:21:47,993 [main] INFO nopCommerce - ********** Providing Login Details **********
2026-01-16 13:21:48,078 [main] INFO nopCommerce - ********** Started Login Process **********
2026-01-16 13:23:46,182 [main] INFO nopCommerce - ********** Launching Browser **********
2026-01-16 13:23:46,187 [main] INFO nopCommerce - ********** Opening URL **********
2026-01-16 13:23:48,658 [main] INFO nopCommerce - ********** Providing Login Details **********
2026-01-16 13:23:48,741 [main] INFO nopCommerce - ********** Started Login Process **********
2026-01-16 13:24:12,502 [main] INFO nopCommerce - ********** Login Failed **********
2026-01-16 13:24:15,144 [main] INFO nopCommerce - ********** Launching Browser **********
2026-01-16 13:24:15,146 [main] INFO nopCommerce - ********** Opening URL **********
2026-01-16 13:24:17,078 [main] INFO nopCommerce - ********** Providing Login Details **********
2026-01-16 13:24:17,178 [main] INFO nopCommerce - ********** Started Login Process **********
2026-01-16 13:24:23,262 [main] INFO nopCommerce - ********** Login Failed **********
2026-01-16 13:24:25,362 [main] INFO nopCommerce - ********** Launching Browser **********
2026-01-16 13:24:25,363 [main] INFO nopCommerce - ********** Opening URL **********
2026-01-16 13:24:31,823 [main] INFO nopCommerce - ********** Providing Login Details **********
2026-01-16 13:24:31,908 [main] INFO nopCommerce - ********** Started Login Process **********
2026-01-16 13:24:38,980 [main] INFO nopCommerce - ********** Login Passed **********
2026-01-16 13:31:31,228 [main] INFO nopCommerce - ********** Launching Browser **********
2026-01-16 13:31:31,240 [main] INFO nopCommerce - ********** Opening URL **********
2026-01-16 13:31:36,841 [main] INFO nopCommerce - ********** Providing Login Details **********
2026-01-16 13:31:36,941 [main] INFO nopCommerce - ********** Started Login Process **********
2026-01-16 13:32:40,207 [main] INFO nopCommerce - ********** Launching Browser **********
2026-01-16 13:32:40,208 [main] INFO nopCommerce - ********** Opening URL **********
2026-01-16 13:32:50,500 [main] INFO nopCommerce - ********** Providing Login Details **********
2026-01-16 13:32:50,590 [main] INFO nopCommerce - ********** Started Login Process **********
2026-01-16 13:35:10,081 [main] INFO nopCommerce - ********** Launching Browser **********
2026-01-16 13:35:10,088 [main] INFO nopCommerce - ********** Opening URL **********
2026-01-16 13:37:39,880 [main] INFO nopCommerce - ********** Launching Browser **********
2026-01-16 13:37:39,881 [main] INFO nopCommerce - ********** Opening URL **********
2026-01-16 13:37:42,794 [main] INFO nopCommerce - ********** Launching Browser **********
2026-01-16 13:37:42,795 [main] INFO nopCommerce - ********** Opening URL **********
2026-01-16 13:37:44,926 [main] INFO nopCommerce - ********** Launching Browser **********
2026-01-16 13:37:44,937 [main] INFO nopCommerce - ********** Opening URL **********
2026-01-16 13:37:47,317 [main] INFO nopCommerce - ********** Launching Browser **********
2026-01-16 13:37:47,318 [main] INFO nopCommerce - ********** Opening URL **********
2026-01-16 13:37:51,123 [main] INFO nopCommerce - ********** Launching Browser **********
2026-01-16 13:37:51,124 [main] INFO nopCommerce - ********** Opening URL **********
2026-01-16 17:29:51,731 [main] INFO nopCommerce - ********** Launching Browser **********
2026-01-16 17:29:51,754 [main] INFO nopCommerce - ********** Opening URL **********
2026-01-16 17:31:13,646 [main] INFO nopCommerce - ********** Launching Browser **********
2026-01-16 17:31:13,654 [main] INFO nopCommerce - ********** Opening URL **********
2026-01-16 17:43:56,520 [main] INFO nopCommerce - ********** Launching Browser **********
2026-01-16 17:43:56,527 [main] INFO nopCommerce - ********** Opening URL **********
2026-01-16 17:43:58,425 [main] INFO nopCommerce - ********** Providing Login Details **********
2026-01-16 17:43:58,611 [main] INFO nopCommerce - ********** Started Login Process **********
2026-01-16 17:44:05,747 [main] INFO nopCommerce - ********** Launching Browser **********
2026-01-16 17:44:05,752 [main] INFO nopCommerce - ********** Opening URL **********
2026-01-16 18:08:48,235 [main] INFO nopCommerce - ********** Launching Browser **********
2026-01-16 18:08:48,243 [main] INFO nopCommerce - ********** Opening URL **********
2026-01-16 18:08:57,597 [main] INFO nopCommerce - ********** Providing Login Details **********
2026-01-16 18:08:57,702 [main] INFO nopCommerce - ********** Started Login Process **********
2026-01-16 18:09:21,768 [main] INFO nopCommerce - ********** Launching Browser **********
2026-01-16 18:09:21,769 [main] INFO nopCommerce - ********** Opening URL **********
2026-01-16 18:09:26,750 [main] INFO nopCommerce - ********** Providing Login Details **********
2026-01-16 18:09:26,849 [main] INFO nopCommerce - ********** Started Login Process **********
2026-01-16 18:20:32,865 [main] INFO nopCommerce - ********** Launching Browser **********
2026-01-16 18:20:32,877 [main] INFO nopCommerce - ********** Opening URL **********
2026-01-16 18:20:35,650 [main] INFO nopCommerce - ********** Providing Login Details **********
2026-01-16 18:20:35,769 [main] INFO nopCommerce - ********** Started Login Process **********
2026-01-16 18:20:54,043 [main] INFO nopCommerce - ********** Launching Browser **********
2026-01-16 18:20:54,046 [main] INFO nopCommerce - ********** Opening URL **********
2026-01-16 18:28:34,575 [main] INFO nopCommerce - ********** Launching Browser **********
2026-01-16 18:28:34,593 [main] INFO nopCommerce - ********** Opening URL **********
2026-01-16 18:28:36,304 [main] INFO nopCommerce - ********** Providing Login Details **********
2026-01-16 18:28:36,432 [main] INFO nopCommerce - ********** Started Login Process **********
2026-01-16 18:28:45,482 [main] INFO nopCommerce - ********** Launching Browser **********
2026-01-16 18:28:45,482 [main] INFO nopCommerce - ********** Opening URL **********
2026-01-16 18:57:26,205 [main] INFO nopCommerce - ********** Launching Browser **********
2026-01-16 18:57:29,822 [main] INFO nopCommerce - ********** Opening URL **********
2026-01-16 18:57:32,351 [main] INFO nopCommerce - ********** Providing Login Details **********
2026-01-16 18:57:32,455 [main] INFO nopCommerce - ********** Started Login Process **********
2026-01-16 18:57:44,733 [main] INFO nopCommerce - ********** Launching Browser **********
2026-01-16 18:57:45,615 [main] INFO nopCommerce - ********** Opening URL **********
2026-01-16 18:57:53,830 [main] INFO nopCommerce - ********** Providing Login Details **********
2026-01-16 18:57:53,926 [main] INFO nopCommerce - ********** Started Login Process **********
2026-01-16 18:58:27,826 [main] INFO nopCommerce - ********** Login Failed **********
2026-01-16 18:58:30,832 [main] INFO nopCommerce - ********** Click on Logout link **********
2026-01-16 19:03:57,897 [main] INFO nopCommerce - ********** Launching Browser **********
2026-01-16 19:03:59,134 [main] INFO nopCommerce - ********** Opening URL **********
2026-01-16 19:05:12,088 [main] INFO nopCommerce - ********** Providing Login Details **********
2026-01-16 19:05:18,080 [main] INFO nopCommerce - ********** Launching Browser **********
2026-01-16 19:05:19,108 [main] INFO nopCommerce - ********** Opening URL **********
2026-01-16 19:05:48,902 [main] INFO nopCommerce - ********** Providing Login Details **********
2026-01-16 19:13:12,503 [main] INFO nopCommerce - ********** Launching Browser **********
2026-01-16 19:13:13,850 [main] INFO nopCommerce - ********** Opening URL **********
2026-01-16 19:13:15,656 [main] INFO nopCommerce - ********** Providing Login Details **********
2026-01-16 19:13:15,769 [main] INFO nopCommerce - ********** Started Login Process **********
2026-01-16 19:13:32,310 [main] INFO nopCommerce - ********** Launching Browser **********
2026-01-16 19:13:33,242 [main] INFO nopCommerce - ********** Opening URL **********
2026-01-16 19:13:34,809 [main] INFO nopCommerce - ********** Providing Login Details **********
2026-01-16 19:13:34,904 [main] INFO nopCommerce - ********** Started Login Process **********
2026-01-16 19:13:41,156 [main] INFO nopCommerce - ********** Login Failed **********
2026-01-16 19:27:07,134 [main] INFO nopCommerce - ********** Launching Browser **********
2026-01-16 19:27:08,552 [main] INFO nopCommerce - ********** Opening URL **********
2026-01-16 19:27:15,043 [main] INFO nopCommerce - ********** Providing Login Details **********
2026-01-16 19:27:15,149 [main] INFO nopCommerce - ********** Started Login Process **********
2026-01-16 19:27:52,579 [main] INFO nopCommerce - ********** Launching Browser **********
2026-01-16 19:27:53,937 [main] INFO nopCommerce - ********** Opening URL **********
2026-01-16 19:27:58,497 [main] INFO nopCommerce - ********** Providing Login Details **********
2026-01-16 19:27:58,629 [main] INFO nopCommerce - ********** Started Login Process **********
2026-01-16 19:29:27,438 [main] INFO nopCommerce - ********** Launching Browser **********
2026-01-16 19:29:28,719 [main] INFO nopCommerce - ********** Opening URL **********
2026-01-16 19:29:38,859 [main] INFO nopCommerce - ********** Providing Login Details **********
2026-01-16 19:29:38,952 [main] INFO nopCommerce - ********** Started Login Process **********
2026-01-16 19:31:04,738 [main] INFO nopCommerce - ********** Launching Browser **********
2026-01-16 19:31:06,357 [main] INFO nopCommerce - ********** Opening URL **********
2026-01-16 19:31:10,053 [main] INFO nopCommerce - ********** Providing Login Details **********
2026-01-16 19:31:10,137 [main] INFO nopCommerce - ********** Started Login Process **********
2026-01-16 19:36:10,054 [main] INFO nopCommerce - ********** Launching Browser **********
2026-01-16 19:36:11,378 [main] INFO nopCommerce - ********** Opening URL **********
2026-01-16 19:36:15,191 [main] INFO nopCommerce - ********** Providing Login Details **********
2026-01-16 19:36:15,309 [main] INFO nopCommerce - ********** Started Login Process **********
2026-01-16 19:37:05,417 [main] INFO nopCommerce - ********** Launching Browser **********
2026-01-16 19:37:06,535 [main] INFO nopCommerce - ********** Opening URL **********
2026-01-16 19:37:08,171 [main] INFO nopCommerce - ********** Providing Login Details **********
2026-01-16 19:37:08,255 [main] INFO nopCommerce - ********** Started Login Process **********
2026-01-16 19:37:14,619 [main] INFO nopCommerce - ********** Login Failed **********
2026-01-16 19:55:11,967 [main] INFO nopCommerce - ********** Launching Browser **********
2026-01-16 19:55:13,071 [main] INFO nopCommerce - ********** Opening URL **********
2026-01-16 19:55:21,606 [main] INFO nopCommerce - ********** Launching Browser **********
2026-01-16 19:55:22,651 [main] INFO nopCommerce - ********** Opening URL **********
2026-01-16 19:58:19,887 [main] INFO nopCommerce - ********** Launching Browser **********
2026-01-16 19:58:21,594 [main] INFO nopCommerce - ********** Opening URL **********
2026-01-16 19:58:26,267 [main] INFO nopCommerce - ********** Providing Login Details **********
2026-01-16 19:58:26,360 [main] INFO nopCommerce - ********** Started Login Process **********
2026-01-16 19:59:23,725 [main] INFO nopCommerce - ********** Launching Browser **********
2026-01-16 19:59:25,031 [main] INFO nopCommerce - ********** Opening URL **********
2026-01-16 19:59:26,436 [main] INFO nopCommerce - ********** Providing Login Details **********
2026-01-16 19:59:26,534 [main] INFO nopCommerce - ********** Started Login Process **********
2026-01-16 19:59:32,607 [main] INFO nopCommerce - ********** Login Failed **********
2026-01-16 20:07:35,599 [main] INFO nopCommerce - ********** Launching Browser **********
2026-01-16 20:07:36,732 [main] INFO nopCommerce - ********** Opening URL **********
2026-01-16 20:09:10,450 [main] INFO nopCommerce - ********** Launching Browser **********
2026-01-16 20:09:11,401 [main] INFO nopCommerce - ********** Opening URL **********
2026-01-16 20:12:30,377 [main] INFO nopCommerce - ********** Launching Browser **********
2026-01-16 20:12:31,500 [main] INFO nopCommerce - ********** Opening URL **********
2026-01-16 20:12:45,074 [main] INFO nopCommerce - ********** Providing Login Details **********
2026-01-16 20:12:50,894 [main] INFO nopCommerce - ********** Launching Browser **********
2026-01-16 20:12:51,815 [main] INFO nopCommerce - ********** Opening URL **********
2026-01-16 20:14:48,188 [main] INFO nopCommerce - ********** Providing Login Details **********
2026-01-16 20:14:48,297 [main] INFO nopCommerce - ********** Started Login Process **********
2026-01-16 20:14:57,469 [main] INFO nopCommerce - ********** Login Failed **********
2026-01-21 10:21:38,543 [main] INFO nopCommerce - ********** Launching Browser **********
2026-01-21 10:21:40,469 [main] INFO nopCommerce - ********** Opening URL **********
2026-01-21 10:21:43,158 [main] INFO nopCommerce - ********** Providing Login Details **********
2026-01-21 10:21:43,258 [main] INFO nopCommerce - ********** Started Login Process **********
2026-01-21 10:21:50,100 [main] INFO nopCommerce - ********** Launching Browser **********
2026-01-21 10:21:51,437 [main] INFO nopCommerce - ********** Opening URL **********
2026-01-21 10:21:52,972 [main] INFO nopCommerce - ********** Providing Login Details **********
2026-01-21 10:21:53,073 [main] INFO nopCommerce - ********** Started Login Process **********
2026-01-21 10:21:59,141 [main] INFO nopCommerce - ********** Login Failed **********
2026-01-21 10:24:49,601 [main] INFO nopCommerce - ********** Launching Browser **********
2026-01-21 10:24:51,136 [main] INFO nopCommerce - ********** Opening URL **********
2026-01-21 10:24:52,877 [main] INFO nopCommerce - ********** Providing Login Details **********
2026-01-21 10:24:52,981 [main] INFO nopCommerce - ********** Started Login Process **********
2026-01-21 10:24:59,742 [main] INFO nopCommerce - ********** Launching Browser **********
2026-01-21 10:25:01,154 [main] INFO nopCommerce - ********** Opening URL **********
2026-01-21 10:25:02,804 [main] INFO nopCommerce - ********** Providing Login Details **********
2026-01-21 10:25:02,901 [main] INFO nopCommerce - ********** Started Login Process **********
2026-01-21 10:25:08,937 [main] INFO nopCommerce - ********** Login Failed **********
2026-01-21 10:42:15,475 [main] INFO nopCommerce - ********** Launching Browser **********
2026-01-21 10:42:16,989 [main] INFO nopCommerce - ********** Opening URL **********
2026-01-21 10:42:18,659 [main] INFO nopCommerce - ********** Providing Login Details **********
2026-01-21 10:42:18,756 [main] INFO nopCommerce - ********** Started Login Process **********
2026-01-21 10:42:25,516 [main] INFO nopCommerce - ********** Launching Browser **********
2026-01-21 10:42:26,908 [main] INFO nopCommerce - ********** Opening URL **********
2026-01-21 10:42:28,232 [main] INFO nopCommerce - ********** Providing Login Details **********
2026-01-21 10:42:28,349 [main] INFO nopCommerce - ********** Started Login Process **********
2026-01-21 10:45:17,779 [main] INFO nopCommerce - ********** Launching Browser **********
2026-01-21 10:45:19,349 [main] INFO nopCommerce - ********** Opening URL **********
2026-01-21 10:45:21,062 [main] INFO nopCommerce - ********** Providing Login Details **********
2026-01-21 10:45:21,159 [main] INFO nopCommerce - ********** Started Login Process **********
2026-01-21 10:45:27,235 [main] INFO nopCommerce - ********** Login Failed **********
2026-01-21 10:47:06,278 [main] INFO nopCommerce - ********** Launching Browser **********
2026-01-21 10:47:07,309 [main] INFO nopCommerce - ********** Opening URL **********
2026-01-21 10:47:08,722 [main] INFO nopCommerce - ********** Providing Login Details **********
2026-01-21 10:47:08,822 [main] INFO nopCommerce - ********** Started Login Process **********
2026-01-21 10:47:14,903 [main] INFO nopCommerce - ********** Login Failed **********
2026-01-21 10:47:28,901 [main] INFO nopCommerce - ********** Launching Browser **********
2026-01-21 10:47:29,890 [main] INFO nopCommerce - ********** Opening URL **********
2026-01-21 10:47:31,501 [main] INFO nopCommerce - ********** Providing Login Details **********
2026-01-21 10:47:31,597 [main] INFO nopCommerce - ********** Started Login Process **********
2026-01-21 10:47:41,150 [main] INFO nopCommerce - ********** Launching Browser **********
2026-01-21 10:47:42,152 [main] INFO nopCommerce - ********** Opening URL **********
2026-01-21 10:47:42,873 [main] INFO nopCommerce - ********** Providing Login Details **********
2026-01-21 10:47:43,631 [main] INFO nopCommerce - ********** Started Login Process **********
2026-01-21 10:47:54,125 [main] INFO nopCommerce - ********** Launching Browser **********
2026-01-21 10:47:55,120 [main] INFO nopCommerce - ********** Opening URL **********
2026-01-21 10:47:56,571 [main] INFO nopCommerce - ********** Providing Login Details **********
2026-01-21 10:47:56,672 [main] INFO nopCommerce - ********** Started Login Process **********
2026-01-21 10:48:02,772 [main] INFO nopCommerce - ********** Login Failed **********
2026-01-21 10:48:14,374 [main] INFO nopCommerce - ********** Launching Browser **********
2026-01-21 10:48:15,395 [main] INFO nopCommerce - ********** Opening URL **********
2026-01-21 10:48:16,093 [main] INFO nopCommerce - ********** Providing Login Details **********
2026-01-21 10:48:16,843 [main] INFO nopCommerce - ********** Started Login Process **********
2026-01-21 10:48:22,915 [main] INFO nopCommerce - ********** Login Failed **********
2026-01-21 10:48:57,131 [main] INFO nopCommerce - ********** Launching Browser **********
2026-01-21 10:48:58,124 [main] INFO nopCommerce - ********** Opening URL **********
2026-01-21 10:48:59,803 [main] INFO nopCommerce - ********** Providing Login Details **********
2026-01-21 10:48:59,901 [main] INFO nopCommerce - ********** Started Login Process **********
2026-01-21 10:49:05,982 [main] INFO nopCommerce - ********** Login Failed **********
2026-01-21 10:49:06,724 [main] INFO nopCommerce - ********** Launching Browser **********
2026-01-21 10:49:07,587 [main] INFO nopCommerce - ********** Opening URL **********
2026-01-21 10:49:09,058 [main] INFO nopCommerce - ********** Providing Login Details **********
2026-01-21 10:49:09,160 [main] INFO nopCommerce - ********** Started Login Process **********
2026-01-21 10:49:15,234 [main] INFO nopCommerce - ********** Login Failed **********
2026-01-21 10:49:16,033 [main] INFO nopCommerce - ********** Launching Browser **********
2026-01-21 10:49:17,398 [main] INFO nopCommerce - ********** Opening URL **********
2026-01-21 10:49:18,762 [main] INFO nopCommerce - ********** Providing Login Details **********
2026-01-21 10:49:18,877 [main] INFO nopCommerce - ********** Started Login Process **********
2026-01-21 10:49:24,917 [main] INFO nopCommerce - ********** Login Failed **********
2026-01-21 10:50:12,340 [main] INFO nopCommerce - ********** Launching Browser **********
2026-01-21 10:50:13,985 [main] INFO nopCommerce - ********** Opening URL **********
2026-01-21 10:50:15,532 [main] INFO nopCommerce - ********** Providing Login Details **********
2026-01-21 10:50:15,636 [main] INFO nopCommerce - ********** Started Login Process **********
2026-01-21 10:50:21,717 [main] INFO nopCommerce - ********** Login Failed **********
2026-01-21 10:50:22,423 [main] INFO nopCommerce - ********** Launching Browser **********
2026-01-21 10:50:23,854 [main] INFO nopCommerce - ********** Opening URL **********
2026-01-21 10:50:26,145 [main] INFO nopCommerce - ********** Providing Login Details **********
2026-01-21 10:50:26,244 [main] INFO nopCommerce - ********** Started Login Process **********
2026-01-21 10:50:32,326 [main] INFO nopCommerce - ********** Login Failed **********
2026-01-21 10:50:33,033 [main] INFO nopCommerce - ********** Launching Browser **********
2026-01-21 10:50:34,384 [main] INFO nopCommerce - ********** Opening URL **********
2026-01-21 10:50:36,077 [main] INFO nopCommerce - ********** Providing Login Details **********
2026-01-21 10:50:36,180 [main] INFO nopCommerce - ********** Started Login Process **********
2026-01-21 10:50:42,260 [main] INFO nopCommerce - ********** Login Failed **********
2026-01-21 10:51:22,926 [main] INFO nopCommerce - ********** Launching Browser **********
2026-01-21 10:51:24,518 [main] INFO nopCommerce - ********** Opening URL **********
2026-01-21 10:51:26,029 [main] INFO nopCommerce - ********** Providing Login Details **********
2026-01-21 10:51:26,133 [main] INFO nopCommerce - ********** Started Login Process **********
2026-01-21 10:51:32,227 [main] INFO nopCommerce - ********** Login Failed **********
2026-01-21 10:51:32,830 [main] INFO nopCommerce - ********** Launching Browser **********
2026-01-21 10:51:34,301 [main] INFO nopCommerce - ********** Opening URL **********
2026-01-21 10:51:35,412 [main] INFO nopCommerce - ********** Providing Login Details **********
2026-01-21 10:51:35,497 [main] INFO nopCommerce - ********** Started Login Process **********
2026-01-21 10:51:41,539 [main] INFO nopCommerce - ********** Login Failed **********
2026-01-21 10:51:42,305 [main] INFO nopCommerce - ********** Launching Browser **********
2026-01-21 10:51:43,184 [main] INFO nopCommerce - ********** Opening URL **********
2026-01-21 10:51:44,825 [main] INFO nopCommerce - ********** Providing Login Details **********
2026-01-21 10:51:44,937 [main] INFO nopCommerce - ********** Started Login Process **********
2026-01-21 10:51:51,029 [main] INFO nopCommerce - ********** Login Failed **********
2026-01-22 10:14:12,181 [main] INFO nopCommerce - ********** Launching Browser **********
2026-01-22 10:14:13,517 [main] INFO nopCommerce - ********** Opening URL **********
2026-01-22 10:29:07,319 [main] INFO nopCommerce - ********** Launching Browser **********
2026-01-22 10:29:08,716 [main] INFO nopCommerce - ********** Opening URL **********
2026-01-22 11:22:38,719 [main] INFO nopCommerce - ********** Launching Browser **********
2026-01-22 11:22:40,089 [main] INFO nopCommerce - ********** Opening URL **********
2026-01-22 11:23:24,966 [main] INFO nopCommerce - ********** Launching Browser **********
2026-01-22 11:23:26,095 [main] INFO nopCommerce - ********** Opening URL **********
2026-01-22 11:25:05,689 [main] INFO nopCommerce - ********** Launching Browser **********
2026-01-22 11:25:06,824 [main] INFO nopCommerce - ********** Opening URL **********
2026-01-22 11:25:59,079 [main] INFO nopCommerce - ********** Launching Browser **********
2026-01-22 11:26:00,074 [main] INFO nopCommerce - ********** Opening URL **********
2026-01-22 11:26:22,122 [main] INFO nopCommerce - ********** Launching Browser **********
2026-01-22 11:26:23,126 [main] INFO nopCommerce - ********** Opening URL **********
2026-01-22 11:27:15,578 [main] INFO nopCommerce - ********** Launching Browser **********
2026-01-22 11:27:16,640 [main] INFO nopCommerce - ********** Opening URL **********
2026-01-22 11:36:42,535 [main] INFO nopCommerce - ********** Launching Browser **********
2026-01-22 11:36:43,278 [main] INFO nopCommerce - ********** Opening URL **********
2026-01-22 11:44:10,903 [main] INFO nopCommerce - ********** Launching Browser **********
2026-01-22 11:44:11,602 [main] INFO nopCommerce - ********** Opening URL **********
2026-01-22 11:47:28,419 [main] INFO nopCommerce - ********** Launching Browser **********
2026-01-22 11:47:29,249 [main] INFO nopCommerce - ********** Opening URL **********
2026-01-22 11:47:31,158 [main] INFO nopCommerce - ********** Providing Login Details **********
2026-01-22 11:47:31,263 [main] INFO nopCommerce - ********** Started Login Process **********
2026-01-22 11:47:37,332 [main] INFO nopCommerce - ********** Login Failed **********
2026-01-22 11:47:43,298 [main] INFO nopCommerce - ********** Launching Browser **********
2026-01-22 11:47:43,969 [main] INFO nopCommerce - ********** Opening URL **********
2026-01-22 11:47:45,858 [main] INFO nopCommerce - ********** Providing Login Details **********
2026-01-22 11:47:45,960 [main] INFO nopCommerce - ********** Started Login Process **********
2026-01-22 11:47:58,232 [main] INFO nopCommerce - ********** Launching Browser **********
2026-01-22 11:47:58,891 [main] INFO nopCommerce - ********** Opening URL **********
2026-01-22 11:48:00,593 [main] INFO nopCommerce - ********** Providing Login Details **********
2026-01-22 11:48:00,691 [main] INFO nopCommerce - ********** Started Login Process **********
2026-01-22 11:48:06,802 [main] INFO nopCommerce - ********** Login Failed **********
2026-01-22 11:51:18,709 [main] INFO nopCommerce - ********** Launching Browser **********
2026-01-22 11:51:19,415 [main] INFO nopCommerce - ********** Opening URL **********
2026-01-22 11:52:22,843 [main] INFO nopCommerce - ********** Launching Browser **********
2026-01-22 11:52:23,542 [main] INFO nopCommerce - ********** Opening URL **********
2026-01-22 11:52:35,083 [main] INFO nopCommerce - ********** Launching Browser **********
2026-01-22 11:52:35,905 [main] INFO nopCommerce - ********** Opening URL **********
2026-01-22 11:52:42,460 [main] INFO nopCommerce - ********** Launching Browser **********
2026-01-22 11:52:43,160 [main] INFO nopCommerce - ********** Opening URL **********
2026-01-22 12:06:32,764 [main] INFO nopCommerce - ********** Launching Browser **********
2026-01-22 12:06:33,467 [main] INFO nopCommerce - ********** Opening URL **********
2026-01-22 12:07:50,772 [main] INFO nopCommerce - ********** Launching Browser **********
2026-01-22 12:07:51,490 [main] INFO nopCommerce - ********** Opening URL **********
2026-01-22 12:08:39,928 [main] INFO nopCommerce - ********** Launching Browser **********
2026-01-22 12:08:40,522 [main] INFO nopCommerce - ********** Opening URL **********
2026-01-22 12:09:39,397 [main] INFO nopCommerce - ********** Launching Browser **********
2026-01-22 12:09:40,045 [main] INFO nopCommerce - ********** Opening URL **********
2026-01-22 12:10:45,820 [main] INFO nopCommerce - ********** Launching Browser **********
2026-01-22 12:10:46,531 [main] INFO nopCommerce - ********** Opening URL **********
2026-01-22 12:11:31,335 [main] INFO nopCommerce - ********** Launching Browser **********
2026-01-22 12:11:32,075 [main] INFO nopCommerce - ********** Opening URL **********
2026-01-22 12:11:33,987 [main] INFO nopCommerce - ********** Providing Login Details **********
2026-01-22 12:11:34,114 [main] INFO nopCommerce - ********** Started Login Process **********
2026-01-22 12:11:40,171 [main] INFO nopCommerce - ********** Login Failed **********
2026-01-22 12:11:41,000 [main] INFO nopCommerce - ********** Launching Browser **********
2026-01-22 12:11:41,646 [main] INFO nopCommerce - ********** Opening URL **********
2026-01-22 12:11:43,533 [main] INFO nopCommerce - ********** Providing Login Details **********
2026-01-22 12:11:43,638 [main] INFO nopCommerce - ********** Started Login Process **********
2026-01-22 12:11:49,678 [main] INFO nopCommerce - ********** Login Failed **********
2026-01-22 12:11:50,539 [main] INFO nopCommerce - ********** Launching Browser **********
2026-01-22 12:11:51,211 [main] INFO nopCommerce - ********** Opening URL **********
2026-01-22 12:11:53,185 [main] INFO nopCommerce - ********** Providing Login Details **********
2026-01-22 12:11:53,290 [main] INFO nopCommerce - ********** Started Login Process **********
2026-01-22 12:11:59,341 [main] INFO nopCommerce - ********** Login Failed **********
2026-01-22 12:27:00,250 [main] INFO nopCommerce - ********** Launching Browser **********
2026-01-22 12:27:00,981 [main] INFO nopCommerce - ********** Opening URL **********
2026-01-22 12:29:12,129 [main] INFO nopCommerce - ********** Launching Browser **********
2026-01-22 12:29:13,274 [main] INFO nopCommerce - ********** Opening URL **********
2026-01-22 12:29:15,268 [main] INFO nopCommerce - ********** Providing Login Details **********
2026-01-22 12:29:15,371 [main] INFO nopCommerce - ********** Started Login Process **********
2026-01-22 12:29:21,472 [main] INFO nopCommerce - ********** Login Failed **********
2026-01-22 12:29:22,424 [main] INFO nopCommerce - ********** Launching Browser **********
2026-01-22 12:29:23,112 [main] INFO nopCommerce - ********** Opening URL **********
2026-01-22 12:29:24,911 [main] INFO nopCommerce - ********** Providing Login Details **********
2026-01-22 12:29:25,012 [main] INFO nopCommerce - ********** Started Login Process **********
2026-01-22 12:29:32,114 [main] INFO nopCommerce - ********** Launching Browser **********
2026-01-22 12:29:32,720 [main] INFO nopCommerce - ********** Opening URL **********
2026-01-22 12:29:33,948 [main] INFO nopCommerce - ********** Providing Login Details **********
2026-01-22 12:29:34,055 [main] INFO nopCommerce - ********** Started Login Process **********
2026-01-22 12:29:53,842 [main] INFO nopCommerce - ********** Launching Browser **********
2026-01-22 12:29:54,405 [main] INFO nopCommerce - ********** Opening URL **********
2026-01-22 12:30:04,806 [main] INFO nopCommerce - ********** Launching Browser **********
2026-01-22 12:30:05,513 [main] INFO nopCommerce - ********** Opening URL **********
2026-01-22 12:31:37,287 [main] INFO nopCommerce - ********** Launching Browser **********
2026-01-22 12:31:37,861 [main] INFO nopCommerce - ********** Opening URL **********
2026-01-22 12:44:12,591 [main] INFO nopCommerce - ********** Launching Browser **********
2026-01-22 12:44:13,227 [main] INFO nopCommerce - ********** Opening URL **********
2026-01-22 12:52:37,886 [main] INFO nopCommerce - ********** Launching Browser **********
2026-01-22 12:52:38,531 [main] INFO nopCommerce - ********** Opening URL **********
2026-01-22 12:52:58,929 [main] INFO nopCommerce - ********** Launching Browser **********
2026-01-22 12:52:59,383 [main] INFO nopCommerce - ********** Opening URL **********
2026-01-22 12:56:35,816 [main] INFO nopCommerce - ********** Launching Browser **********
2026-01-22 12:56:36,568 [main] INFO nopCommerce - ********** Opening URL **********
2026-01-22 13:01:19,476 [main] INFO nopCommerce - ********** Launching Browser **********
2026-01-22 13:01:20,136 [main] INFO nopCommerce - ********** Opening URL **********
2026-01-22 13:03:03,160 [main] INFO nopCommerce - ********** Launching Browser **********
2026-01-22 13:03:03,913 [main] INFO nopCommerce - ********** Opening URL **********
2026-01-22 13:03:39,539 [main] INFO nopCommerce - ********** Launching Browser **********
2026-01-22 13:03:40,198 [main] INFO nopCommerce - ********** Opening URL **********
2026-01-22 13:07:47,773 [main] INFO nopCommerce - ********** Launching Browser **********
2026-01-22 13:07:48,395 [main] INFO nopCommerce - ********** Opening URL **********
2026-01-22 13:12:34,426 [main] INFO nopCommerce - ********** Launching Browser **********
2026-01-22 13:12:34,463 [main] INFO nopCommerce - ********** Opening URL **********
2026-01-22 13:12:55,152 [main] INFO nopCommerce - ********** Launching Browser **********
2026-01-22 13:12:55,187 [main] INFO nopCommerce - ********** Opening URL **********
2026-01-22 13:13:14,417 [main] INFO nopCommerce - ********** Launching Browser **********
2026-01-22 13:13:14,445 [main] INFO nopCommerce - ********** Opening URL **********
2026-01-22 13:13:48,638 [main] INFO nopCommerce - ********** Launching Browser **********
2026-01-22 13:13:48,671 [main] INFO nopCommerce - ********** Opening URL **********
2026-01-22 13:14:16,010 [main] INFO nopCommerce - ********** Launching Browser **********
2026-01-22 13:14:16,045 [main] INFO nopCommerce - ********** Opening URL **********
2026-01-22 13:15:09,906 [main] INFO nopCommerce - ********** Launching Browser **********
2026-01-22 13:15:09,938 [main] INFO nopCommerce - ********** Opening URL **********
2026-01-22 13:17:15,315 [main] INFO nopCommerce - ********** Launching Browser **********
2026-01-22 13:17:15,346 [main] INFO nopCommerce - ********** Opening URL **********
2026-01-22 13:18:02,170 [main] INFO nopCommerce - ********** Launching Browser **********
2026-01-22 13:18:02,212 [main] INFO nopCommerce - ********** Opening URL **********
2026-01-22 13:22:04,865 [main] INFO nopCommerce - ********** Launching Browser **********
2026-01-22 13:22:04,898 [main] INFO nopCommerce - ********** Opening URL **********
2026-01-22 13:22:53,050 [main] INFO nopCommerce - ********** Launching Browser **********
2026-01-22 13:22:53,084 [main] INFO nopCommerce - ********** Opening URL **********
2026-01-22 13:23:23,730 [main] INFO nopCommerce - ********** Launching Browser **********
2026-01-22 13:23:23,757 [main] INFO nopCommerce - ********** Opening URL **********
2026-01-22 13:23:45,370 [main] INFO nopCommerce - ********** Launching Browser **********
2026-01-22 13:23:45,400 [main] INFO nopCommerce - ********** Opening URL **********
2026-01-22 13:40:14,814 [main] INFO nopCommerce - ********** Launching Browser **********
2026-01-22 13:40:15,110 [main] INFO nopCommerce - ********** Opening URL **********
2026-01-22 13:43:15,363 [main] INFO nopCommerce - ********** Launching Browser **********
2026-01-22 13:43:15,398 [main] INFO nopCommerce - ********** Opening URL **********
2026-01-22 13:43:46,742 [main] INFO nopCommerce - ********** Launching Browser **********
2026-01-22 13:43:46,775 [main] INFO nopCommerce - ********** Opening URL **********
2026-01-22 13:45:53,058 [main] INFO nopCommerce - ********** Launching Browser **********
2026-01-22 13:45:53,089 [main] INFO nopCommerce - ********** Opening URL **********
2026-01-22 13:47:15,715 [main] INFO nopCommerce - ********** Launching Browser **********
2026-01-22 13:47:15,750 [main] INFO nopCommerce - ********** Opening URL **********
2026-01-22 13:48:38,387 [main] INFO nopCommerce - ********** Launching Browser **********
2026-01-22 13:48:38,421 [main] INFO nopCommerce - ********** Opening URL **********
2026-01-22 13:49:39,743 [main] INFO nopCommerce - ********** Launching Browser **********
2026-01-22 13:49:39,772 [main] INFO nopCommerce - ********** Opening URL **********
2026-01-22 13:51:21,888 [main] INFO nopCommerce - ********** Launching Browser **********
2026-01-22 13:51:21,919 [main] INFO nopCommerce - ********** Opening URL **********
2026-01-22 13:52:14,480 [main] INFO nopCommerce - ********** Launching Browser **********
2026-01-22 14:04:31,691 [main] INFO nopCommerce - ********** Launching Browser **********
2026-01-22 14:04:32,143 [main] INFO nopCommerce - ********** Opening URL **********
2026-01-22 14:05:10,046 [main] INFO nopCommerce - ********** Launching Browser **********
2026-01-22 14:05:34,332 [main] INFO nopCommerce - ********** Launching Browser **********
2026-01-22 14:06:45,980 [main] INFO nopCommerce - ********** Launching Browser **********
2026-01-22 14:08:30,637 [main] INFO nopCommerce - ********** Launching Browser **********
2026-01-22 14:09:08,914 [main] INFO nopCommerce - ********** Launching Browser **********
2026-01-22 14:09:09,558 [main] INFO nopCommerce - ********** Opening URL **********
2026-01-22 14:09:40,392 [main] INFO nopCommerce - ********** Launching Browser **********
2026-01-22 14:09:41,132 [main] INFO nopCommerce - ********** Opening URL **********
2026-01-22 14:10:12,502 [main] INFO nopCommerce - ********** Launching Browser **********
2026-01-22 14:10:12,719 [main] INFO nopCommerce - ********** Launching Browser **********
2026-01-22 14:10:13,357 [main] INFO nopCommerce - ********** Opening URL **********
2026-01-22 14:10:13,534 [main] INFO nopCommerce - ********** Opening URL **********
2026-01-22 14:14:53,005 [main] INFO nopCommerce - ********** Launching Browser **********
2026-01-22 14:15:28,741 [main] INFO nopCommerce - ********** Launching Browser **********
2026-01-22 14:15:29,461 [main] INFO nopCommerce - ********** Opening URL **********
2026-01-22 14:18:37,972 [main] INFO nopCommerce - ********** Launching Browser **********
2026-01-22 14:18:38,105 [main] INFO nopCommerce - ********** Opening URL **********
2026-01-22 14:27:54,180 [main] INFO nopCommerce - ********** Launching Browser **********
2026-01-22 14:27:54,313 [main] INFO nopCommerce - ********** Opening URL **********
2026-01-22 14:28:03,950 [main] INFO nopCommerce - ********** Launching Browser **********
2026-01-22 14:28:04,078 [main] INFO nopCommerce - ********** Opening URL **********
2026-01-22 19:04:40,594 [main] INFO nopCommerce - ********** Launching Browser **********
2026-01-22 19:05:00,344 [main] INFO nopCommerce - ********** Opening URL **********
2026-01-22 19:05:12,598 [main] INFO nopCommerce - ********** Launching Browser **********
2026-01-22 19:05:13,157 [main] INFO nopCommerce - ********** Opening URL **********
2026-01-22 19:06:25,836 [main] INFO nopCommerce - ********** Launching Browser **********
2026-01-22 19:06:26,316 [main] INFO nopCommerce - ********** Opening URL **********
2026-01-23 12:14:32,429 [main] INFO nopCommerce - ********** Launching Browser **********
2026-01-23 12:14:32,962 [main] INFO nopCommerce - ********** Opening URL **********
2026-01-23 12:16:14,441 [main] INFO nopCommerce - ********** Launching Browser **********
2026-01-23 12:16:14,604 [main] INFO nopCommerce - ********** Opening URL **********
2026-01-23 12:22:14,588 [main] INFO nopCommerce - ********** Launching Browser **********
2026-01-23 12:22:14,725 [main] INFO nopCommerce - ********** Opening URL **********
2026-01-23 12:23:25,271 [main] INFO nopCommerce - ********** Launching Browser **********
2026-01-23 12:23:25,410 [main] INFO nopCommerce - ********** Opening URL **********
2026-01-23 12:24:19,959 [main] INFO nopCommerce - ********** Launching Browser **********
2026-01-23 12:24:20,095 [main] INFO nopCommerce - ********** Opening URL **********
2026-01-23 12:25:29,215 [main] INFO nopCommerce - ********** Launching Browser **********
2026-01-23 12:25:29,362 [main] INFO nopCommerce - ********** Opening URL **********
2026-01-23 12:26:01,952 [main] INFO nopCommerce - ********** Launching Browser **********
2026-01-23 12:26:02,087 [main] INFO nopCommerce - ********** Opening URL **********
2026-01-23 12:27:16,114 [main] INFO nopCommerce - ********** Launching Browser **********
2026-01-23 12:27:16,268 [main] INFO nopCommerce - ********** Opening URL **********
2026-01-23 12:27:35,054 [main] INFO nopCommerce - ********** Launching Browser **********
2026-01-23 12:27:35,218 [main] INFO nopCommerce - ********** Opening URL **********
2026-01-23 12:31:53,377 [main] INFO nopCommerce - ********** Launching Browser **********
2026-01-23 12:31:53,511 [main] INFO nopCommerce - ********** Opening URL **********
2026-01-23 17:21:07,926 [main] INFO nopCommerce - ********** Launching Browser **********
2026-01-23 17:21:09,428 [main] INFO nopCommerce - ********** Opening URL **********
2026-01-23 17:21:14,732 [main] INFO nopCommerce - ********** Launching Browser **********
2026-01-23 17:21:14,744 [main] INFO nopCommerce - ********** Opening URL **********
2026-01-23 17:21:28,501 [main] INFO nopCommerce - ********** Launching Browser **********
2026-01-23 17:21:28,638 [main] INFO nopCommerce - ********** Opening URL **********
2026-01-23 17:21:34,742 [main] INFO nopCommerce - ********** Launching Browser **********
2026-01-23 17:21:34,757 [main] INFO nopCommerce - ********** Opening URL **********
2026-01-23 17:21:44,409 [main] INFO nopCommerce - ********** Launching Browser **********
2026-01-23 17:21:44,564 [main] INFO nopCommerce - ********** Opening URL **********
2026-01-23 17:38:30,247 [main] INFO nopCommerce - ********** Launching Browser **********
2026-01-23 17:38:30,414 [main] INFO nopCommerce - ********** Opening URL **********
2026-01-23 17:39:29,757 [main] INFO nopCommerce - ********** Launching Browser **********
2026-01-23 17:39:29,892 [main] INFO nopCommerce - ********** Opening URL **********
2026-01-23 17:42:29,179 [main] INFO nopCommerce - ********** Launching Browser **********
2026-01-23 17:42:29,320 [main] INFO nopCommerce - ********** Opening URL **********
2026-01-23 17:43:54,734 [main] INFO nopCommerce - ********** Launching Browser **********
2026-01-23 17:43:54,876 [main] INFO nopCommerce - ********** Opening URL **********
2026-01-23 17:44:42,771 [main] INFO nopCommerce - ********** Launching Browser **********
2026-01-23 17:44:42,893 [main] INFO nopCommerce - ********** Opening URL **********
2026-01-23 17:45:02,611 [main] INFO nopCommerce - ********** Closing Browse r**********
2026-01-23 17:47:33,759 [main] INFO nopCommerce - ********** Launching Browser **********
2026-01-23 17:47:33,889 [main] INFO nopCommerce - ********** Opening URL **********
2026-01-23 17:48:42,418 [main] INFO nopCommerce - ********** Launching Browser **********
2026-01-23 17:48:42,554 [main] INFO nopCommerce - ********** Opening URL **********
2026-01-23 17:48:48,452 [main] INFO nopCommerce - ********** Closing Browse r**********
2026-01-23 17:49:00,826 [main] INFO nopCommerce - ********** Launching Browser **********
2026-01-23 17:49:00,949 [main] INFO nopCommerce - ********** Opening URL **********
2026-01-23 17:50:15,022 [main] INFO nopCommerce - ********** Launching Browser **********
2026-01-23 17:50:15,164 [main] INFO nopCommerce - ********** Opening URL **********
2026-01-23 17:52:10,140 [main] INFO nopCommerce - ********** Launching Browser **********
2026-01-23 17:52:10,276 [main] INFO nopCommerce - ********** Opening URL **********
2026-01-23 17:53:38,481 [main] INFO nopCommerce - ********** Launching Browser **********
2026-01-23 17:53:38,646 [main] INFO nopCommerce - ********** Opening URL **********
2026-01-23 17:54:31,036 [main] INFO nopCommerce - ********** Launching Browser **********
2026-01-23 17:54:31,171 [main] INFO nopCommerce - ********** Opening URL **********
2026-01-23 18:05:43,088 [main] INFO nopCommerce - ********** Launching Browser **********
2026-01-23 18:05:43,242 [main] INFO nopCommerce - ********** Opening URL **********
2026-01-23 18:05:51,091 [main] INFO nopCommerce - ********** Closing Browse r**********
2026-01-23 18:06:07,445 [main] INFO nopCommerce - ********** Launching Browser **********
2026-01-23 18:06:07,570 [main] INFO nopCommerce - ********** Opening URL **********
2026-01-23 18:07:06,301 [main] INFO nopCommerce - ********** Launching Browser **********
2026-01-23 18:07:06,445 [main] INFO nopCommerce - ********** Opening URL **********
2026-01-27 09:33:36,174 [main] INFO nopCommerce - ********** Launching Browser **********
2026-01-27 09:33:37,136 [main] INFO nopCommerce - ********** Opening URL **********
2026-01-27 09:34:26,950 [main] INFO nopCommerce - ********** Launching Browser **********
2026-01-27 09:34:27,089 [main] INFO nopCommerce - ********** Opening URL **********
2026-01-27 09:36:14,450 [main] INFO nopCommerce - ********** Launching Browser **********
2026-01-27 09:36:14,587 [main] INFO nopCommerce - ********** Opening URL **********
2026-01-27 10:03:01,250 [main] INFO nopCommerce - ********** Launching Browser **********
2026-01-27 10:03:01,405 [main] INFO nopCommerce - ********** Opening URL **********
2026-01-27 10:04:22,621 [main] INFO nopCommerce - ********** Launching Browser **********
2026-01-27 10:04:22,761 [main] INFO nopCommerce - ********** Opening URL **********
2026-01-27 10:05:42,234 [main] INFO nopCommerce - ********** Launching Browser **********
2026-01-27 10:05:42,368 [main] INFO nopCommerce - ********** Opening URL **********
2026-01-27 10:06:45,668 [main] INFO nopCommerce - ********** Launching Browser **********
2026-01-27 10:06:45,829 [main] INFO nopCommerce - ********** Opening URL **********
2026-01-27 10:07:33,901 [main] INFO nopCommerce - ********** Launching Browser **********
2026-01-27 10:07:34,032 [main] INFO nopCommerce - ********** Opening URL **********
2026-01-27 10:09:43,492 [main] INFO nopCommerce - ********** Launching Browser **********
2026-01-27 10:09:43,630 [main] INFO nopCommerce - ********** Opening URL **********
2026-01-27 10:10:14,060 [main] INFO nopCommerce - ********** Launching Browser **********
2026-01-27 10:10:14,181 [main] INFO nopCommerce - ********** Opening URL **********
2026-01-27 10:12:49,876 [main] INFO nopCommerce - ********** Launching Browser **********
2026-01-27 10:12:50,029 [main] INFO nopCommerce - ********** Opening URL **********
2026-01-27 10:16:15,611 [main] INFO nopCommerce - ********** Launching Browser **********
2026-01-27 10:16:15,749 [main] INFO nopCommerce - ********** Opening URL **********
2026-01-27 10:17:43,710 [main] INFO nopCommerce - ********** Launching Browser **********
2026-01-27 10:17:43,840 [main] INFO nopCommerce - ********** Opening URL **********
2026-01-27 10:19:50,376 [main] INFO nopCommerce - ********** Launching Browser **********
2026-01-27 10:19:50,532 [main] INFO nopCommerce - ********** Opening URL **********
2026-01-27 10:20:48,382 [main] INFO nopCommerce - ********** Launching Browser **********
2026-01-27 10:20:48,556 [main] INFO nopCommerce - ********** Opening URL **********
2026-01-27 10:21:05,788 [main] INFO nopCommerce - ********** Closing Browse r**********
2026-01-27 10:21:57,600 [main] INFO nopCommerce - ********** Launching Browser **********
2026-01-27 10:21:57,735 [main] INFO nopCommerce - ********** Opening URL **********
2026-01-27 10:22:16,122 [main] INFO nopCommerce - ********** Closing Browse r**********
2026-01-27 10:22:27,105 [main] INFO nopCommerce - ********** Launching Browser **********
2026-01-27 10:22:27,235 [main] INFO nopCommerce - ********** Opening URL **********
2026-01-27 10:22:54,922 [main] INFO nopCommerce - ********** Closing Browse r**********
2026-01-27 10:32:41,417 [main] INFO nopCommerce - ********** Launching Browser **********
2026-01-27 10:32:41,553 [main] INFO nopCommerce - ********** Opening URL **********
2026-01-27 10:32:54,826 [main] INFO nopCommerce - ********** Closing Browse r**********
2026-01-27 10:32:55,590 [main] INFO nopCommerce - ********** Launching Browser **********
2026-01-27 10:32:55,598 [main] INFO nopCommerce - ********** Opening URL **********
2026-01-27 10:33:08,238 [main] INFO nopCommerce - ********** Launching Browser **********
2026-01-27 10:33:08,246 [main] INFO nopCommerce - ********** Opening URL **********
2026-01-27 10:34:59,444 [main] INFO nopCommerce - ********** Launching Browser **********
2026-01-27 10:34:59,979 [main] INFO nopCommerce - ********** Opening URL **********
2026-01-27 10:35:18,345 [main] INFO nopCommerce - ********** Closing Browse r**********
2026-01-27 10:35:19,006 [main] INFO nopCommerce - ********** Launching Browser **********
2026-01-27 10:35:19,016 [main] INFO nopCommerce - ********** Opening URL **********
2026-01-27 10:35:34,112 [main] INFO nopCommerce - ********** Launching Browser **********
2026-01-27 10:35:34,119 [main] INFO nopCommerce - ********** Opening URL **********
2026-01-27 10:38:50,404 [main] INFO nopCommerce - ********** Launching Browser **********
2026-01-27 10:38:50,551 [main] INFO nopCommerce - ********** Opening URL **********
2026-01-27 10:38:54,544 [main] INFO nopCommerce - ********** Closing Browse r**********
2026-01-27 10:39:49,105 [main] INFO nopCommerce - ********** Launching Browser **********
2026-01-27 10:39:49,228 [main] INFO nopCommerce - ********** Opening URL **********
2026-01-27 10:40:06,321 [main] INFO nopCommerce - ********** Closing Browse r**********
2026-01-27 10:43:54,478 [main] INFO nopCommerce - ********** Launching Browser **********
2026-01-27 10:43:54,609 [main] INFO nopCommerce - ********** Opening URL **********
2026-01-27 10:44:08,768 [main] INFO nopCommerce - ********** Closing Browse r**********
2026-01-27 10:44:09,783 [main] INFO nopCommerce - ********** Launching Browser **********
2026-01-27 10:44:09,792 [main] INFO nopCommerce - ********** Opening URL **********
2026-01-27 10:44:21,710 [main] INFO nopCommerce - ********** Closing Browse r**********
2026-01-27 10:45:02,342 [main] INFO nopCommerce - ********** Launching Browser **********
2026-01-27 10:45:02,479 [main] INFO nopCommerce - ********** Opening URL **********
2026-01-27 10:46:32,384 [main] INFO nopCommerce - ********** Closing Browse r**********
2026-01-27 10:46:38,727 [main] INFO nopCommerce - ********** Launching Browser **********
2026-01-27 10:46:38,734 [main] INFO nopCommerce - ********** Opening URL **********
2026-01-27 10:47:12,955 [main] INFO nopCommerce - ********** Launching Browser **********
2026-01-27 10:47:13,089 [main] INFO nopCommerce - ********** Opening URL **********
2026-01-27 10:47:25,754 [main] INFO nopCommerce - ********** Closing Browse r**********
2026-01-27 10:47:31,404 [main] INFO nopCommerce - ********** Launching Browser **********
2026-01-27 10:47:31,411 [main] INFO nopCommerce - ********** Opening URL **********
2026-01-27 10:47:54,359 [main] INFO nopCommerce - ********** Closing Browse r**********
2026-01-27 10:51:39,437 [main] INFO nopCommerce - ********** Launching Browser **********
2026-01-27 10:51:39,560 [main] INFO nopCommerce - ********** Opening URL **********
2026-01-27 10:58:05,425 [main] INFO nopCommerce - ********** Launching Browser **********
2026-01-27 10:58:05,568 [main] INFO nopCommerce - ********** Opening URL **********
2026-01-27 11:00:05,424 [main] INFO nopCommerce - ********** Launching Browser **********
2026-01-27 11:00:05,599 [main] INFO nopCommerce - ********** Opening URL **********
2026-01-27 11:02:55,553 [main] INFO nopCommerce - ********** Launching Browser **********
2026-01-27 11:02:55,721 [main] INFO nopCommerce - ********** Opening URL **********
2026-01-27 11:03:22,101 [main] INFO nopCommerce - ********** Closing Browse r**********
2026-01-27 15:29:33,067 [main] INFO nopCommerce - ********** Launching Browser **********
2026-01-27 15:29:33,783 [main] INFO nopCommerce - ********** Opening URL **********
2026-01-27 15:29:46,675 [main] INFO nopCommerce - ********** Closing Browse r**********
2026-01-27 15:32:12,140 [main] INFO nopCommerce - ********** Launching Browser **********
2026-01-27 15:32:12,287 [main] INFO nopCommerce - ********** Opening URL **********
2026-01-27 15:41:10,606 [main] INFO nopCommerce - ********** Launching Browser **********
2026-01-27 15:41:10,848 [main] INFO nopCommerce - ********** Opening URL **********
2026-01-27 15:45:17,775 [main] INFO nopCommerce - ********** Launching Browser **********
2026-01-27 15:45:18,069 [main] INFO nopCommerce - ********** Opening URL **********
2026-01-27 15:50:57,484 [main] INFO nopCommerce - ********** Launching Browser **********
2026-01-27 15:54:22,707 [main] INFO nopCommerce - ********** Launching Browser **********
2026-01-27 15:54:23,011 [main] INFO nopCommerce - ********** Opening URL **********
2026-01-27 15:55:47,478 [main] INFO nopCommerce - ********** Launching Browser **********
2026-01-27 15:55:47,783 [main] INFO nopCommerce - ********** Opening URL **********
2026-01-27 15:59:32,629 [main] INFO nopCommerce - ********** Launching Browser **********
2026-01-27 15:59:32,916 [main] INFO nopCommerce - ********** Opening URL **********
2026-01-27 16:01:13,892 [main] INFO nopCommerce - ********** Launching Browser **********
2026-01-27 16:01:14,145 [main] INFO nopCommerce - ********** Opening URL **********
2026-01-27 16:01:28,413 [main] INFO nopCommerce - ********** Closing Browse r**********
2026-01-27 16:08:33,702 [main] INFO nopCommerce - ********** Launching Browser **********
2026-01-27 16:08:33,957 [main] INFO nopCommerce - ********** Opening URL **********
2026-01-27 16:11:30,636 [main] INFO nopCommerce - ********** Launching Browser **********
2026-01-27 16:11:31,058 [main] INFO nopCommerce - ********** Opening URL **********
2026-01-27 16:15:38,330 [main] INFO nopCommerce - ********** Launching Browser **********
2026-01-27 16:15:38,775 [main] INFO nopCommerce - ********** Opening URL **********
2026-01-27 16:16:41,900 [main] INFO nopCommerce - ********** Launching Browser **********
2026-01-27 16:16:42,304 [main] INFO nopCommerce - ********** Opening URL **********
2026-01-27 16:17:11,393 [main] INFO nopCommerce - ********** Closing Browse r**********
2026-01-27 16:24:47,360 [main] INFO nopCommerce - ********** Launching Browser **********
2026-01-27 16:24:47,641 [main] INFO nopCommerce - ********** Opening URL **********
2026-01-27 16:25:01,068 [main] INFO nopCommerce - ********** Closing Browse r**********
2026-01-27 16:25:59,427 [main] INFO nopCommerce - ********** Launching Browser **********
2026-01-27 16:25:59,655 [main] INFO nopCommerce - ********** Opening URL **********
2026-01-27 16:26:12,396 [main] INFO nopCommerce - ********** Closing Browse r**********
2026-01-27 16:34:24,741 [main] INFO nopCommerce - ********** Launching Browser **********
2026-01-27 16:34:25,518 [main] INFO nopCommerce - ********** Opening URL **********
2026-01-27 16:35:46,968 [main] INFO nopCommerce - ********** Launching Browser **********
2026-01-27 16:35:47,228 [main] INFO nopCommerce - ********** Opening URL **********
2026-01-27 16:37:28,680 [main] INFO nopCommerce - ********** Launching Browser **********
2026-01-27 16:37:29,003 [main] INFO nopCommerce - ********** Opening URL **********
2026-01-27 16:39:03,656 [main] INFO nopCommerce - ********** Launching Browser **********
2026-01-27 16:39:03,901 [main] INFO nopCommerce - ********** Opening URL **********
2026-01-27 16:40:23,356 [main] INFO nopCommerce - ********** Launching Browser **********
2026-01-27 16:40:23,699 [main] INFO nopCommerce - ********** Opening URL **********
2026-01-27 16:41:04,805 [main] INFO nopCommerce - ********** Launching Browser **********
2026-01-27 16:41:05,068 [main] INFO nopCommerce - ********** Opening URL **********
2026-01-27 16:44:41,331 [main] INFO nopCommerce - ********** Launching Browser **********
2026-01-27 16:44:41,601 [main] INFO nopCommerce - ********** Opening URL **********
2026-01-27 16:46:21,129 [main] INFO nopCommerce - ********** Launching Browser **********
2026-01-27 16:46:21,378 [main] INFO nopCommerce - ********** Opening URL **********
2026-01-27 16:47:26,970 [main] INFO nopCommerce - ********** Launching Browser **********
2026-01-27 16:47:27,249 [main] INFO nopCommerce - ********** Opening URL **********
2026-01-27 16:48:04,257 [main] INFO nopCommerce - ********** Launching Browser **********
2026-01-27 16:48:04,493 [main] INFO nopCommerce - ********** Opening URL **********
2026-01-27 16:48:29,697 [main] INFO nopCommerce - ********** Launching Browser **********
2026-01-27 16:48:29,908 [main] INFO nopCommerce - ********** Opening URL **********
2026-01-27 16:51:11,845 [main] INFO nopCommerce - ********** Launching Browser **********
2026-01-27 16:51:12,132 [main] INFO nopCommerce - ********** Opening URL **********
2026-01-27 16:53:35,698 [main] INFO nopCommerce - ********** Launching Browser **********
2026-01-27 16:53:35,930 [main] INFO nopCommerce - ********** Opening URL **********
2026-01-27 16:54:26,347 [main] INFO nopCommerce - ********** Launching Browser **********
2026-01-27 16:54:26,650 [main] INFO nopCommerce - ********** Opening URL **********
2026-01-27 16:54:48,281 [main] INFO nopCommerce - ********** Launching Browser **********
2026-01-27 16:54:48,530 [main] INFO nopCommerce - ********** Opening URL **********
2026-01-27 16:55:12,516 [main] INFO nopCommerce - ********** Closing Browse r**********
2026-01-27 16:55:37,601 [main] INFO nopCommerce - ********** Launching Browser **********
2026-01-27 16:55:37,832 [main] INFO nopCommerce - ********** Opening URL **********
2026-01-27 17:03:50,417 [main] INFO nopCommerce - ********** Launching Browser **********
2026-01-27 17:03:50,762 [main] INFO nopCommerce - ********** Opening URL **********
2026-01-27 17:04:13,732 [main] INFO nopCommerce - ********** Closing Browse r**********
2026-01-27 17:04:20,266 [main] INFO nopCommerce - ********** Launching Browser **********
2026-01-27 17:04:20,302 [main] INFO nopCommerce - ********** Opening URL **********
2026-01-27 17:17:20,006 [main] INFO nopCommerce - ********** Launching Browser **********
2026-01-27 17:17:20,242 [main] INFO nopCommerce - ********** Opening URL **********
2026-01-27 17:17:37,894 [main] INFO nopCommerce - ********** Closing Browse r**********
2026-01-27 17:22:20,553 [main] INFO nopCommerce - ********** Launching Browser **********
2026-01-27 17:22:20,791 [main] INFO nopCommerce - ********** Opening URL **********
2026-01-27 17:22:41,632 [main] INFO nopCommerce - ********** Closing Browse r**********
2026-01-27 17:23:17,422 [main] INFO nopCommerce - ********** Launching Browser **********
2026-01-27 17:23:17,660 [main] INFO nopCommerce - ********** Opening URL **********
2026-01-27 17:26:09,269 [main] INFO nopCommerce - ********** Launching Browser **********
2026-01-27 17:26:09,495 [main] INFO nopCommerce - ********** Opening URL **********
2026-01-27 17:30:53,398 [main] INFO nopCommerce - ********** Launching Browser **********
2026-01-27 17:30:53,706 [main] INFO nopCommerce - ********** Opening URL **********
2026-01-27 17:34:41,001 [main] INFO nopCommerce - ********** Launching Browser **********
2026-01-27 17:34:41,830 [main] INFO nopCommerce - ********** Opening URL **********
2026-01-27 17:35:35,462 [main] INFO nopCommerce - ********** Launching Browser **********
2026-01-27 17:35:35,721 [main] INFO nopCommerce - ********** Opening URL **********
2026-01-27 17:38:32,437 [main] INFO nopCommerce - ********** Launching Browser **********
2026-01-27 17:38:32,722 [main] INFO nopCommerce - ********** Opening URL **********
2026-01-27 17:41:37,168 [main] INFO nopCommerce - ********** Launching Browser **********
2026-01-27 17:41:37,412 [main] INFO nopCommerce - ********** Opening URL **********
2026-01-27 17:42:15,219 [main] INFO nopCommerce - ********** Launching Browser **********
2026-01-27 17:42:15,458 [main] INFO nopCommerce - ********** Opening URL **********
2026-01-27 17:44:15,878 [main] INFO nopCommerce - ********** Launching Browser **********
2026-01-27 17:44:16,107 [main] INFO nopCommerce - ********** Opening URL **********
2026-01-27 17:46:26,462 [main] INFO nopCommerce - ********** Launching Browser **********
2026-01-27 17:46:26,692 [main] INFO nopCommerce - ********** Opening URL **********
2026-01-27 17:49:14,925 [main] INFO nopCommerce - ********** Closing Browse r**********
2026-01-27 17:52:27,555 [main] INFO nopCommerce - ********** Launching Browser **********
2026-01-27 17:52:27,794 [main] INFO nopCommerce - ********** Opening URL **********
2026-01-27 17:52:36,243 [main] INFO nopCommerce - ********** Launching Browser **********
2026-01-27 17:52:36,258 [main] INFO nopCommerce - ********** Opening URL **********
2026-01-27 17:52:39,733 [main] INFO nopCommerce - ********** Launching Browser **********
2026-01-27 17:52:39,742 [main] INFO nopCommerce - ********** Opening URL **********
2026-01-27 17:52:48,230 [main] INFO nopCommerce - ********** Launching Browser **********
2026-01-27 17:52:48,243 [main] INFO nopCommerce - ********** Opening URL **********
2026-01-27 17:53:02,220 [main] INFO nopCommerce - ********** Closing Browse r**********
2026-01-27 17:53:08,223 [main] INFO nopCommerce - ********** Launching Browser **********
2026-01-27 17:53:08,242 [main] INFO nopCommerce - ********** Opening URL **********
2026-01-27 17:53:44,717 [main] INFO nopCommerce - ********** Launching Browser **********
2026-01-27 17:53:44,737 [main] INFO nopCommerce - ********** Opening URL **********
2026-01-27 17:53:48,334 [main] INFO nopCommerce - ********** Launching Browser **********
2026-01-27 17:53:48,343 [main] INFO nopCommerce - ********** Opening URL **********
2026-01-27 17:53:55,987 [main] INFO nopCommerce - ********** Launching Browser **********
2026-01-27 17:53:56,001 [main] INFO nopCommerce - ********** Opening URL **********
2026-01-27 17:54:47,396 [main] INFO nopCommerce - ********** Closing Browse r**********
2026-01-27 17:54:53,661 [main] INFO nopCommerce - ********** Launching Browser **********
2026-01-27 17:54:53,671 [main] INFO nopCommerce - ********** Opening URL **********
2026-01-27 17:54:57,463 [main] INFO nopCommerce - ********** Launching Browser **********
2026-01-27 17:54:57,474 [main] INFO nopCommerce - ********** Opening URL **********
2026-01-27 17:55:42,338 [main] INFO nopCommerce - ********** Launching Browser **********
2026-01-27 17:55:42,354 [main] INFO nopCommerce - ********** Opening URL **********
2026-01-27 17:58:14,920 [main] INFO nopCommerce - ********** Launching Browser **********
2026-01-27 17:58:15,192 [main] INFO nopCommerce - ********** Opening URL **********
2026-01-27 17:59:04,076 [main] INFO nopCommerce - ********** Launching Browser **********
2026-01-27 17:59:04,313 [main] INFO nopCommerce - ********** Opening URL **********
2026-01-27 18:06:20,218 [main] INFO nopCommerce - ********** Launching Browser **********
2026-01-27 18:06:21,908 [main] INFO nopCommerce - ********** Opening URL **********
2026-01-27 18:07:00,982 [main] INFO nopCommerce - ********** Closing Browse r**********
2026-01-27 18:09:57,134 [main] INFO nopCommerce - ********** Launching Browser **********
2026-01-27 18:09:58,497 [main] INFO nopCommerce - ********** Opening URL **********
2026-01-27 18:11:17,312 [main] INFO nopCommerce - ********** Closing Browse r**********
2026-01-27 18:12:12,027 [main] INFO nopCommerce - ********** Launching Browser **********
2026-01-27 18:12:13,161 [main] INFO nopCommerce - ********** Opening URL **********
2026-01-27 18:15:38,515 [main] INFO nopCommerce - ********** Launching Browser **********
2026-01-27 18:15:38,754 [main] INFO nopCommerce - ********** Opening URL **********
2026-01-27 18:15:56,959 [main] INFO nopCommerce - ********** Closing Browse r**********
2026-01-28 10:06:12,398 [main] INFO nopCommerce - ********** Launching Browser **********
2026-01-28 10:06:36,738 [main] INFO nopCommerce - ********** Launching Browser **********
2026-01-28 10:06:38,127 [main] INFO nopCommerce - ********** Opening URL **********
2026-01-28 10:06:46,424 [main] INFO nopCommerce - ********** Closing Browse r**********
2026-01-28 10:23:02,492 [main] INFO nopCommerce - ********** Launching Browser **********
2026-01-28 10:23:02,630 [main] INFO nopCommerce - ********** Opening URL **********
2026-01-28 10:23:19,574 [main] INFO nopCommerce - ********** Launching Browser **********
2026-01-28 10:23:19,731 [main] INFO nopCommerce - ********** Opening URL **********
2026-01-28 10:23:52,655 [main] INFO nopCommerce - ********** Launching Browser **********
2026-01-28 10:23:52,802 [main] INFO nopCommerce - ********** Opening URL **********
2026-01-28 10:32:40,643 [main] INFO nopCommerce - ********** Launching Browser **********
2026-01-28 10:32:40,815 [main] INFO nopCommerce - ********** Opening URL **********
2026-01-28 10:33:59,514 [main] INFO nopCommerce - ********** Launching Browser **********
2026-01-28 10:33:59,661 [main] INFO nopCommerce - ********** Opening URL **********
2026-01-28 10:41:11,539 [main] INFO nopCommerce - ********** Launching Browser **********
2026-01-28 10:41:11,725 [main] INFO nopCommerce - ********** Opening URL **********
2026-01-28 10:42:11,719 [main] INFO nopCommerce - ********** Launching Browser **********
2026-01-28 10:42:11,855 [main] INFO nopCommerce - ********** Opening URL **********
2026-01-28 10:47:42,802 [main] INFO nopCommerce - ********** Launching Browser **********
2026-01-28 10:47:43,010 [main] INFO nopCommerce - ********** Opening URL **********
2026-01-28 10:50:31,307 [main] INFO nopCommerce - ********** Launching Browser **********
2026-01-28 10:50:31,470 [main] INFO nopCommerce - ********** Opening URL **********
2026-01-28 11:03:37,059 [main] INFO nopCommerce - ********** Launching Browser **********
2026-01-28 11:03:37,239 [main] INFO nopCommerce - ********** Opening URL **********
2026-01-28 11:11:20,943 [main] INFO nopCommerce - ********** Launching Browser **********
2026-01-28 11:11:21,293 [main] INFO nopCommerce - ********** Opening URL **********
2026-01-28 11:12:10,544 [main] INFO nopCommerce - ********** Launching Browser **********
2026-01-28 11:12:10,694 [main] INFO nopCommerce - ********** Opening URL **********
2026-01-28 11:14:06,218 [main] INFO nopCommerce - ********** Launching Browser **********
2026-01-28 11:14:06,359 [main] INFO nopCommerce - ********** Opening URL **********
2026-01-28 11:15:09,257 [main] INFO nopCommerce - ********** Launching Browser **********
2026-01-28 11:15:09,404 [main] INFO nopCommerce - ********** Opening URL **********
2026-01-28 11:15:16,659 [main] INFO nopCommerce - ********** Closing Browse r**********
2026-01-28 11:15:40,981 [main] INFO nopCommerce - ********** Launching Browser **********
2026-01-28 11:15:41,123 [main] INFO nopCommerce - ********** Opening URL **********
2026-01-28 11:16:13,084 [main] INFO nopCommerce - ********** Launching Browser **********
2026-01-28 11:16:13,230 [main] INFO nopCommerce - ********** Opening URL **********
2026-01-28 11:17:34,944 [main] INFO nopCommerce - ********** Launching Browser **********
2026-01-28 11:17:35,103 [main] INFO nopCommerce - ********** Opening URL **********
2026-01-28 11:18:39,763 [main] INFO nopCommerce - ********** Launching Browser **********
2026-01-28 11:18:39,899 [main] INFO nopCommerce - ********** Opening URL **********
2026-01-28 11:20:40,875 [main] INFO nopCommerce - ********** Launching Browser **********
2026-01-28 11:20:41,066 [main] INFO nopCommerce - ********** Opening URL **********
2026-01-28 11:20:50,165 [main] INFO nopCommerce - ********** Closing Browse r**********
2026-01-28 11:21:04,225 [main] INFO nopCommerce - ********** Launching Browser **********
2026-01-28 11:21:04,361 [main] INFO nopCommerce - ********** Opening URL **********
2026-01-28 11:21:28,762 [main] INFO nopCommerce - ********** Closing Browse r**********
2026-01-28 11:22:33,093 [main] INFO nopCommerce - ********** Launching Browser **********
2026-01-28 11:22:33,218 [main] INFO nopCommerce - ********** Opening URL **********
2026-01-28 11:23:23,950 [main] INFO nopCommerce - ********** Launching Browser **********
2026-01-28 11:23:24,086 [main] INFO nopCommerce - ********** Opening URL **********
2026-01-28 11:23:29,936 [main] INFO nopCommerce - ********** Closing Browse r**********
2026-01-28 11:27:43,472 [main] INFO nopCommerce - ********** Launching Browser **********
2026-01-28 11:27:43,603 [main] INFO nopCommerce - ********** Opening URL **********
2026-01-28 11:28:54,679 [main] INFO nopCommerce - ********** Launching Browser **********
2026-01-28 11:28:54,807 [main] INFO nopCommerce - ********** Opening URL **********
2026-01-28 11:33:01,731 [main] INFO nopCommerce - ********** Launching Browser **********
2026-01-28 11:33:01,864 [main] INFO nopCommerce - ********** Opening URL **********
2026-01-28 11:33:07,876 [main] INFO nopCommerce - ********** Closing Browse r**********
2026-01-28 11:40:28,994 [main] INFO nopCommerce - ********** Launching Browser **********
2026-01-28 11:40:29,143 [main] INFO nopCommerce - ********** Opening URL **********
2026-01-28 11:40:35,500 [main] INFO nopCommerce - ********** Closing Browse r**********
2026-01-28 11:44:55,302 [main] INFO nopCommerce - ********** Launching Browser **********
2026-01-28 11:44:55,432 [main] INFO nopCommerce - ********** Opening URL **********
2026-01-28 11:45:01,222 [main] INFO nopCommerce - ********** Closing Browse r**********
2026-01-28 11:45:35,386 [main] INFO nopCommerce - ********** Launching Browser **********
2026-01-28 11:45:35,520 [main] INFO nopCommerce - ********** Opening URL **********
2026-01-28 11:45:40,618 [main] INFO nopCommerce - ********** Closing Browse r**********
2026-01-28 11:46:13,210 [main] INFO nopCommerce - ********** Launching Browser **********
2026-01-28 11:46:13,339 [main] INFO nopCommerce - ********** Opening URL **********
2026-01-28 11:46:19,881 [main] INFO nopCommerce - ********** Closing Browse r**********
2026-01-28 11:46:41,611 [main] INFO nopCommerce - ********** Launching Browser **********
2026-01-28 11:46:41,748 [main] INFO nopCommerce - ********** Opening URL **********
2026-01-28 11:54:56,925 [main] INFO nopCommerce - ********** Launching Browser **********
2026-01-28 11:54:57,062 [main] INFO nopCommerce - ********** Opening URL **********
2026-01-28 12:18:02,270 [main] INFO nopCommerce - ********** Launching Browser **********
2026-01-28 12:18:02,782 [main] INFO nopCommerce - ********** Opening URL **********
2026-01-28 12:19:11,607 [main] INFO nopCommerce - ********** Launching Browser **********
2026-01-28 12:19:11,869 [main] INFO nopCommerce - ********** Opening URL **********
2026-01-28 12:26:13,129 [main] INFO nopCommerce - ********** Launching Browser **********
2026-01-28 12:26:13,391 [main] INFO nopCommerce - ********** Opening URL **********
2026-01-28 12:28:13,227 [main] INFO nopCommerce - ********** Launching Browser **********
2026-01-28 12:28:13,521 [main] INFO nopCommerce - ********** Opening URL **********
2026-01-28 12:30:33,843 [main] INFO nopCommerce - ********** Launching Browser **********
2026-01-28 12:30:34,116 [main] INFO nopCommerce - ********** Opening URL **********
2026-01-28 12:31:29,327 [main] INFO nopCommerce - ********** Launching Browser **********
2026-01-28 12:31:29,591 [main] INFO nopCommerce - ********** Opening URL **********
2026-01-28 12:33:11,301 [main] INFO nopCommerce - ********** Launching Browser **********
2026-01-28 12:33:11,581 [main] INFO nopCommerce - ********** Opening URL **********
2026-01-28 12:33:53,621 [main] INFO nopCommerce - ********** Launching Browser **********
2026-01-28 12:33:53,900 [main] INFO nopCommerce - ********** Opening URL **********
2026-01-28 12:38:26,435 [main] INFO nopCommerce - ********** Launching Browser **********
2026-01-28 12:38:26,711 [main] INFO nopCommerce - ********** Opening URL **********
2026-01-28 12:38:59,636 [main] INFO nopCommerce - ********** Launching Browser **********
2026-01-28 12:38:59,984 [main] INFO nopCommerce - ********** Opening URL **********
2026-01-28 12:41:59,174 [main] INFO nopCommerce - ********** Launching Browser **********
2026-01-28 12:41:59,611 [main] INFO nopCommerce - ********** Opening URL **********
2026-01-28 12:47:37,529 [main] INFO nopCommerce - ********** Launching Browser **********
2026-01-28 12:47:38,017 [main] INFO nopCommerce - ********** Opening URL **********
2026-01-28 12:53:42,632 [main] INFO nopCommerce - ********** Launching Browser **********
2026-01-28 12:53:43,307 [main] INFO nopCommerce - ********** Opening URL **********
2026-01-28 12:54:37,215 [main] INFO nopCommerce - ********** Launching Browser **********
2026-01-28 12:54:37,478 [main] INFO nopCommerce - ********** Opening URL **********
2026-01-28 12:55:09,553 [main] INFO nopCommerce - ********** Launching Browser **********
2026-01-28 12:55:09,851 [main] INFO nopCommerce - ********** Opening URL **********
2026-01-28 13:00:00,402 [main] INFO nopCommerce - ********** Launching Browser **********
2026-01-28 13:00:00,633 [main] INFO nopCommerce - ********** Opening URL **********
2026-01-28 13:03:11,757 [main] INFO nopCommerce - ********** Launching Browser **********
2026-01-28 13:03:11,981 [main] INFO nopCommerce - ********** Opening URL **********
2026-01-28 13:03:58,455 [main] INFO nopCommerce - ********** Launching Browser **********
2026-01-28 13:03:58,695 [main] INFO nopCommerce - ********** Opening URL **********
2026-01-28 13:06:39,627 [main] INFO nopCommerce - ********** Launching Browser **********
2026-01-28 13:06:39,963 [main] INFO nopCommerce - ********** Opening URL **********
2026-01-28 13:13:47,299 [main] INFO nopCommerce - ********** Launching Browser **********
2026-01-28 13:13:47,533 [main] INFO nopCommerce - ********** Opening URL **********
2026-01-28 13:18:11,886 [main] INFO nopCommerce - ********** Launching Browser **********
2026-01-28 13:18:12,407 [main] INFO nopCommerce - ********** Opening URL **********
2026-01-28 13:19:26,024 [main] INFO nopCommerce - ********** Launching Browser **********
2026-01-28 13:19:26,265 [main] INFO nopCommerce - ********** Opening URL **********
2026-01-28 13:20:00,575 [main] INFO nopCommerce - ********** Launching Browser **********
2026-01-28 13:20:00,817 [main] INFO nopCommerce - ********** Opening URL **********
2026-01-28 13:20:41,081 [main] INFO nopCommerce - ********** Launching Browser **********
2026-01-28 13:20:41,321 [main] INFO nopCommerce - ********** Opening URL **********
2026-01-28 13:20:50,432 [main] INFO nopCommerce - ********** Closing Browse r**********
2026-01-28 13:21:08,398 [main] INFO nopCommerce - ********** Launching Browser **********
2026-01-28 13:21:08,638 [main] INFO nopCommerce - ********** Opening URL **********
2026-01-28 13:27:11,122 [main] INFO nopCommerce - ********** Launching Browser **********
2026-01-28 13:27:11,384 [main] INFO nopCommerce - ********** Opening URL **********
2026-01-28 13:28:55,514 [main] INFO nopCommerce - ********** Launching Browser **********
2026-01-28 13:28:55,926 [main] INFO nopCommerce - ********** Opening URL **********
2026-01-28 13:29:54,079 [main] INFO nopCommerce - ********** Launching Browser **********
2026-01-28 13:29:54,321 [main] INFO nopCommerce - ********** Opening URL **********
2026-01-28 13:30:39,608 [main] INFO nopCommerce - ********** Launching Browser **********
2026-01-28 13:30:39,828 [main] INFO nopCommerce - ********** Opening URL **********
2026-01-28 13:30:57,264 [main] INFO nopCommerce - ********** Launching Browser **********
2026-01-28 13:30:57,509 [main] INFO nopCommerce - ********** Opening URL **********
2026-01-28 13:31:23,206 [main] INFO nopCommerce - ********** Launching Browser **********
2026-01-28 13:31:23,427 [main] INFO nopCommerce - ********** Opening URL **********
2026-01-28 13:31:44,800 [main] INFO nopCommerce - ********** Launching Browser **********
2026-01-28 13:31:45,043 [main] INFO nopCommerce - ********** Opening URL **********
2026-01-28 14:11:49,758 [main] INFO nopCommerce - ********** Launching Browser **********
2026-01-28 14:11:49,906 [main] INFO nopCommerce - ********** Opening URL **********
2026-01-28 14:20:40,893 [main] INFO nopCommerce - ********** Launching Browser **********
2026-01-28 14:20:41,250 [main] INFO nopCommerce - ********** Opening URL **********
2026-01-28 14:22:59,099 [main] INFO nopCommerce - ********** Launching Browser **********
2026-01-28 14:22:59,239 [main] INFO nopCommerce - ********** Opening URL **********
2026-01-28 14:23:34,665 [main] INFO nopCommerce - ********** Launching Browser **********
2026-01-28 14:23:34,806 [main] INFO nopCommerce - ********** Opening URL **********
2026-01-28 14:27:24,334 [main] INFO nopCommerce - ********** Launching Browser **********
2026-01-28 14:27:24,488 [main] INFO nopCommerce - ********** Opening URL **********
2026-01-28 14:27:47,763 [main] INFO nopCommerce - ********** Launching Browser **********
2026-01-28 14:27:47,908 [main] INFO nopCommerce - ********** Opening URL **********
2026-01-28 14:28:52,930 [main] INFO nopCommerce - ********** Launching Browser **********
2026-01-28 14:28:53,068 [main] INFO nopCommerce - ********** Opening URL **********
2026-01-28 14:29:21,681 [main] INFO nopCommerce - ********** Launching Browser **********
2026-01-28 14:29:21,817 [main] INFO nopCommerce - ********** Opening URL **********
2026-01-28 14:29:36,090 [main] INFO nopCommerce - ********** Launching Browser **********
2026-01-28 14:29:36,231 [main] INFO nopCommerce - ********** Opening URL **********
2026-01-28 14:29:45,715 [main] INFO nopCommerce - ********** Launching Browser **********
2026-01-28 14:29:45,862 [main] INFO nopCommerce - ********** Opening URL **********
2026-01-28 14:34:22,043 [main] INFO nopCommerce - ********** Launching Browser **********
2026-01-28 14:34:22,193 [main] INFO nopCommerce - ********** Opening URL **********
2026-01-28 14:34:35,676 [main] INFO nopCommerce - ********** Launching Browser **********
2026-01-28 14:34:35,831 [main] INFO nopCommerce - ********** Opening URL **********
2026-01-28 14:34:45,620 [main] INFO nopCommerce - ********** Launching Browser **********
2026-01-28 14:34:45,762 [main] INFO nopCommerce - ********** Opening URL **********
2026-01-28 14:35:17,726 [main] INFO nopCommerce - ********** Launching Browser **********
2026-01-28 14:35:17,863 [main] INFO nopCommerce - ********** Opening URL **********
2026-01-28 14:35:29,456 [main] INFO nopCommerce - ********** Launching Browser **********
2026-01-28 14:35:29,591 [main] INFO nopCommerce - ********** Opening URL **********
2026-01-28 14:36:11,242 [main] INFO nopCommerce - ********** Launching Browser **********
2026-01-28 14:36:11,378 [main] INFO nopCommerce - ********** Opening URL **********
2026-01-28 14:37:08,242 [main] INFO nopCommerce - ********** Launching Browser **********
2026-01-28 14:37:08,370 [main] INFO nopCommerce - ********** Opening URL **********
2026-01-28 14:38:25,736 [main] INFO nopCommerce - ********** Launching Browser **********
2026-01-28 14:38:25,880 [main] INFO nopCommerce - ********** Opening URL **********
2026-01-28 14:38:36,893 [main] INFO nopCommerce - ********** Launching Browser **********
2026-01-28 14:38:37,019 [main] INFO nopCommerce - ********** Opening URL **********
2026-01-28 14:38:55,688 [main] INFO nopCommerce - ********** Launching Browser **********
2026-01-28 14:38:55,819 [main] INFO nopCommerce - ********** Opening URL **********
2026-01-28 14:41:22,281 [main] INFO nopCommerce - ********** Launching Browser **********
2026-01-28 14:41:22,448 [main] INFO nopCommerce - ********** Opening URL **********
2026-01-28 14:42:24,153 [main] INFO nopCommerce - ********** Launching Browser **********
2026-01-28 14:42:24,287 [main] INFO nopCommerce - ********** Opening URL **********
2026-01-28 14:42:35,255 [main] INFO nopCommerce - ********** Launching Browser **********
2026-01-28 14:42:35,390 [main] INFO nopCommerce - ********** Opening URL **********
2026-01-28 14:42:58,404 [main] INFO nopCommerce - ********** Launching Browser **********
2026-01-28 14:42:58,554 [main] INFO nopCommerce - ********** Opening URL **********
2026-01-28 14:44:18,862 [main] INFO nopCommerce - ********** Launching Browser **********
2026-01-28 14:44:18,997 [main] INFO nopCommerce - ********** Opening URL **********
2026-01-28 14:45:28,061 [main] INFO nopCommerce - ********** Launching Browser **********
2026-01-28 14:45:28,200 [main] INFO nopCommerce - ********** Opening URL **********
2026-01-28 14:45:37,987 [main] INFO nopCommerce - ********** Launching Browser **********
2026-01-28 14:45:38,121 [main] INFO nopCommerce - ********** Opening URL **********
2026-01-28 14:48:19,487 [main] INFO nopCommerce - ********** Launching Browser **********
2026-01-28 14:48:19,645 [main] INFO nopCommerce - ********** Opening URL **********
2026-01-28 14:49:08,560 [main] INFO nopCommerce - ********** Launching Browser **********
2026-01-28 14:49:08,723 [main] INFO nopCommerce - ********** Opening URL **********
2026-01-28 14:49:46,987 [main] INFO nopCommerce - ********** Launching Browser **********
2026-01-28 14:49:47,125 [main] INFO nopCommerce - ********** Opening URL **********
2026-01-28 14:51:20,439 [main] INFO nopCommerce - ********** Launching Browser **********
2026-01-28 14:51:20,579 [main] INFO nopCommerce - ********** Opening URL **********
2026-01-28 14:51:29,858 [main] INFO nopCommerce - ********** Launching Browser **********
2026-01-28 14:51:30,000 [main] INFO nopCommerce - ********** Opening URL **********
2026-01-28 14:52:01,588 [main] INFO nopCommerce - ********** Launching Browser **********
2026-01-28 14:52:01,725 [main] INFO nopCommerce - ********** Opening URL **********
2026-01-28 14:53:41,292 [main] INFO nopCommerce - ********** Launching Browser **********
2026-01-28 14:53:41,424 [main] INFO nopCommerce - ********** Opening URL **********
2026-01-28 14:54:58,577 [main] INFO nopCommerce - ********** Launching Browser **********
2026-01-28 14:54:58,710 [main] INFO nopCommerce - ********** Opening URL **********
2026-01-28 14:55:58,947 [main] INFO nopCommerce - ********** Launching Browser **********
2026-01-28 14:55:59,079 [main] INFO nopCommerce - ********** Opening URL **********
2026-01-28 14:56:19,856 [main] INFO nopCommerce - ********** Launching Browser **********
2026-01-28 14:56:19,997 [main] INFO nopCommerce - ********** Opening URL **********
2026-01-28 14:59:52,138 [main] INFO nopCommerce - ********** Launching Browser **********
2026-01-28 14:59:52,294 [main] INFO nopCommerce - ********** Opening URL **********
2026-01-28 15:00:10,377 [main] INFO nopCommerce - ********** Launching Browser **********
2026-01-28 15:00:10,514 [main] INFO nopCommerce - ********** Opening URL **********
2026-01-28 15:00:23,381 [main] INFO nopCommerce - ********** Launching Browser **********
2026-01-28 15:00:23,524 [main] INFO nopCommerce - ********** Opening URL **********
2026-01-28 15:00:44,538 [main] INFO nopCommerce - ********** Launching Browser **********
2026-01-28 15:00:44,678 [main] INFO nopCommerce - ********** Opening URL **********
2026-01-28 15:00:57,672 [main] INFO nopCommerce - ********** Launching Browser **********
2026-01-28 15:00:57,818 [main] INFO nopCommerce - ********** Opening URL **********
2026-01-28 15:01:07,252 [main] INFO nopCommerce - ********** Launching Browser **********
2026-01-28 15:01:07,390 [main] INFO nopCommerce - ********** Opening URL **********
2026-01-28 15:01:18,176 [main] INFO nopCommerce - ********** Launching Browser **********
2026-01-28 15:01:18,341 [main] INFO nopCommerce - ********** Opening URL **********
2026-01-28 15:01:56,836 [main] INFO nopCommerce - ********** Launching Browser **********
2026-01-28 15:01:56,977 [main] INFO nopCommerce - ********** Opening URL **********
2026-01-28 15:04:02,412 [main] INFO nopCommerce - ********** Launching Browser **********
2026-01-28 15:04:02,546 [main] INFO nopCommerce - ********** Opening URL **********
2026-01-28 15:04:15,392 [main] INFO nopCommerce - ********** Launching Browser **********
2026-01-28 15:04:15,530 [main] INFO nopCommerce - ********** Opening URL **********
2026-01-28 15:07:35,930 [main] INFO nopCommerce - ********** Launching Browser **********
2026-01-28 15:07:36,066 [main] INFO nopCommerce - ********** Opening URL **********
2026-01-28 15:13:21,043 [main] INFO nopCommerce - ********** Launching Browser **********
2026-01-28 15:13:21,197 [main] INFO nopCommerce - ********** Opening URL **********
2026-01-28 15:13:34,922 [main] INFO nopCommerce - ********** Launching Browser **********
2026-01-28 15:13:35,058 [main] INFO nopCommerce - ********** Opening URL **********
2026-01-28 15:14:00,537 [main] INFO nopCommerce - ********** Launching Browser **********
2026-01-28 15:14:00,677 [main] INFO nopCommerce - ********** Opening URL **********
2026-01-28 15:14:33,893 [main] INFO nopCommerce - ********** Launching Browser **********
2026-01-28 15:14:34,033 [main] INFO nopCommerce - ********** Opening URL **********
2026-01-28 15:14:53,317 [main] INFO nopCommerce - ********** Launching Browser **********
2026-01-28 15:14:53,443 [main] INFO nopCommerce - ********** Opening URL **********
2026-01-28 15:15:05,786 [main] INFO nopCommerce - ********** Launching Browser **********
2026-01-28 15:15:05,915 [main] INFO nopCommerce - ********** Opening URL **********
2026-01-28 15:15:26,096 [main] INFO nopCommerce - ********** Launching Browser **********
2026-01-28 15:15:26,217 [main] INFO nopCommerce - ********** Opening URL **********
2026-01-28 15:15:35,842 [main] INFO nopCommerce - ********** Launching Browser **********
2026-01-28 15:15:35,979 [main] INFO nopCommerce - ********** Opening URL **********
2026-01-28 15:16:52,309 [main] INFO nopCommerce - ********** Launching Browser **********
2026-01-28 15:16:52,447 [main] INFO nopCommerce - ********** Opening URL **********
2026-01-28 15:17:11,720 [main] INFO nopCommerce - ********** Launching Browser **********
2026-01-28 15:17:11,873 [main] INFO nopCommerce - ********** Opening URL **********
2026-01-28 15:17:45,446 [main] INFO nopCommerce - ********** Launching Browser **********
2026-01-28 15:17:45,594 [main] INFO nopCommerce - ********** Opening URL **********
2026-01-28 15:18:35,033 [main] INFO nopCommerce - ********** Launching Browser **********
2026-01-28 15:18:35,187 [main] INFO nopCommerce - ********** Opening URL **********
2026-01-28 15:20:47,470 [main] INFO nopCommerce - ********** Launching Browser **********
2026-01-28 15:20:47,896 [main] INFO nopCommerce - ********** Opening URL **********
2026-01-28 15:20:58,100 [main] INFO nopCommerce - ********** Launching Browser **********
2026-01-28 15:20:58,299 [main] INFO nopCommerce - ********** Opening URL **********
2026-01-28 15:21:39,596 [main] INFO nopCommerce - ********** Launching Browser **********
2026-01-28 15:21:39,742 [main] INFO nopCommerce - ********** Opening URL **********
2026-01-28 15:21:48,967 [main] INFO nopCommerce - ********** Launching Browser **********
2026-01-28 15:21:49,110 [main] INFO nopCommerce - ********** Opening URL **********
2026-01-28 15:22:03,327 [main] INFO nopCommerce - ********** Launching Browser **********
2026-01-28 15:22:03,463 [main] INFO nopCommerce - ********** Opening URL **********
2026-01-28 15:22:23,845 [main] INFO nopCommerce - ********** Launching Browser **********
2026-01-28 15:22:23,980 [main] INFO nopCommerce - ********** Opening URL **********
2026-01-28 15:22:34,792 [main] INFO nopCommerce - ********** Launching Browser **********
2026-01-28 15:22:34,926 [main] INFO nopCommerce - ********** Opening URL **********
2026-01-28 15:22:47,161 [main] INFO nopCommerce - ********** Launching Browser **********
2026-01-28 15:22:47,294 [main] INFO nopCommerce - ********** Opening URL **********
2026-01-28 15:42:31,543 [main] INFO nopCommerce - ********** Launching Browser **********
2026-01-28 15:42:31,677 [main] INFO nopCommerce - ********** Opening URL **********
2026-01-28 15:42:44,978 [main] INFO nopCommerce - ********** Launching Browser **********
2026-01-28 15:42:45,113 [main] INFO nopCommerce - ********** Opening URL **********
2026-01-28 15:43:00,507 [main] INFO nopCommerce - ********** Launching Browser **********
2026-01-28 15:43:00,649 [main] INFO nopCommerce - ********** Opening URL **********
2026-01-28 15:43:20,184 [main] INFO nopCommerce - ********** Launching Browser **********
2026-01-28 15:43:20,325 [main] INFO nopCommerce - ********** Opening URL **********
2026-01-28 15:45:48,556 [main] INFO nopCommerce - ********** Launching Browser **********
2026-01-28 15:45:48,695 [main] INFO nopCommerce - ********** Opening URL **********
2026-01-28 15:46:21,173 [main] INFO nopCommerce - ********** Launching Browser **********
2026-01-28 15:46:21,309 [main] INFO nopCommerce - ********** Opening URL **********
2026-01-28 15:47:01,045 [main] INFO nopCommerce - ********** Launching Browser **********
2026-01-28 15:47:01,174 [main] INFO nopCommerce - ********** Opening URL **********
2026-01-28 15:47:32,617 [main] INFO nopCommerce - ********** Launching Browser **********
2026-01-28 15:47:32,740 [main] INFO nopCommerce - ********** Opening URL **********
2026-01-28 15:48:01,045 [main] INFO nopCommerce - ********** Launching Browser **********
2026-01-28 15:48:01,172 [main] INFO nopCommerce - ********** Opening URL **********
2026-01-28 15:49:00,469 [main] INFO nopCommerce - ********** Launching Browser **********
2026-01-28 15:49:00,589 [main] INFO nopCommerce - ********** Opening URL **********
2026-01-28 15:53:22,138 [main] INFO nopCommerce - ********** Launching Browser **********
2026-01-28 15:53:22,367 [main] INFO nopCommerce - ********** Opening URL **********
2026-01-28 15:54:45,827 [main] INFO nopCommerce - ********** Closing Browse r**********
2026-01-28 16:01:17,400 [main] INFO nopCommerce - ********** Launching Browser **********
2026-01-28 16:01:17,630 [main] INFO nopCommerce - ********** Opening URL **********
2026-01-28 16:02:29,833 [main] INFO nopCommerce - ********** Launching Browser **********
2026-01-28 16:02:30,064 [main] INFO nopCommerce - ********** Opening URL **********
2026-01-28 16:02:50,744 [main] INFO nopCommerce - ********** Launching Browser **********
2026-01-28 16:02:50,985 [main] INFO nopCommerce - ********** Opening URL **********
2026-01-28 16:03:12,261 [main] INFO nopCommerce - ********** Launching Browser **********
2026-01-28 16:03:12,500 [main] INFO nopCommerce - ********** Opening URL **********
2026-01-28 16:04:56,043 [main] INFO nopCommerce - ********** Launching Browser **********
2026-01-28 16:04:56,286 [main] INFO nopCommerce - ********** Opening URL **********
2026-01-28 16:06:56,033 [main] INFO nopCommerce - ********** Launching Browser **********
2026-01-28 16:06:56,273 [main] INFO nopCommerce - ********** Opening URL **********
2026-01-28 16:07:18,201 [main] INFO nopCommerce - ********** Launching Browser **********
2026-01-28 16:07:18,441 [main] INFO nopCommerce - ********** Opening URL **********
2026-01-29 09:02:15,084 [main] INFO nopCommerce - ********** Launching Browser **********
2026-01-29 09:02:15,753 [main] INFO nopCommerce - ********** Opening URL **********
2026-01-29 09:02:35,546 [main] INFO nopCommerce - ********** Closing Browse r**********
2026-01-29 09:02:44,810 [main] INFO nopCommerce - ********** Launching Browser **********
2026-01-29 09:02:45,151 [main] INFO nopCommerce - ********** Opening URL **********
2026-01-29 09:03:02,343 [main] INFO nopCommerce - ********** Closing Browse r**********
2026-01-29 09:03:50,097 [main] INFO nopCommerce - ********** Launching Browser **********
2026-01-29 09:03:50,323 [main] INFO nopCommerce - ********** Opening URL **********
2026-01-29 09:04:10,034 [main] INFO nopCommerce - ********** Closing Browse r**********
2026-01-29 09:04:27,088 [main] INFO nopCommerce - ********** Launching Browser **********
2026-01-29 09:04:27,307 [main] INFO nopCommerce - ********** Opening URL **********
2026-01-29 09:06:16,652 [main] INFO nopCommerce - ********** Launching Browser **********
2026-01-29 09:06:16,877 [main] INFO nopCommerce - ********** Opening URL **********
2026-01-29 09:07:02,762 [main] INFO nopCommerce - ********** Closing Browse r**********
2026-01-29 09:07:25,433 [main] INFO nopCommerce - ********** Launching Browser **********
2026-01-29 09:07:25,655 [main] INFO nopCommerce - ********** Opening URL **********
2026-01-29 09:08:06,620 [main] INFO nopCommerce - ********** Launching Browser **********
2026-01-29 09:08:06,852 [main] INFO nopCommerce - ********** Opening URL **********
2026-01-29 09:09:13,325 [main] INFO nopCommerce - ********** Launching Browser **********
2026-01-29 09:09:13,566 [main] INFO nopCommerce - ********** Opening URL **********
2026-01-29 09:09:53,118 [main] INFO nopCommerce - ********** Launching Browser **********
2026-01-29 09:09:53,367 [main] INFO nopCommerce - ********** Opening URL **********
2026-01-29 09:10:46,748 [main] INFO nopCommerce - ********** Launching Browser **********
2026-01-29 09:10:46,979 [main] INFO nopCommerce - ********** Opening URL **********
2026-01-29 09:13:15,196 [main] INFO nopCommerce - ********** Launching Browser **********
2026-01-29 09:13:15,560 [main] INFO nopCommerce - ********** Opening URL **********
2026-01-29 09:14:02,493 [main] INFO nopCommerce - ********** Launching Browser **********
2026-01-29 09:14:02,732 [main] INFO nopCommerce - ********** Opening URL **********
2026-01-29 09:15:27,687 [main] INFO nopCommerce - ********** Launching Browser **********
2026-01-29 09:15:27,985 [main] INFO nopCommerce - ********** Opening URL **********
2026-01-29 09:17:43,634 [main] INFO nopCommerce - ********** Launching Browser **********
2026-01-29 09:17:43,875 [main] INFO nopCommerce - ********** Opening URL **********
2026-01-29 09:23:16,240 [main] INFO nopCommerce - ********** Launching Browser **********
2026-01-29 09:23:16,474 [main] INFO nopCommerce - ********** Opening URL **********
2026-01-29 09:29:07,492 [main] INFO nopCommerce - ********** Launching Browser **********
2026-01-29 09:29:07,728 [main] INFO nopCommerce - ********** Opening URL **********
2026-01-29 09:29:51,803 [main] INFO nopCommerce - ********** Launching Browser **********
2026-01-29 09:29:52,033 [main] INFO nopCommerce - ********** Opening URL **********
2026-01-29 09:30:25,381 [main] INFO nopCommerce - ********** Launching Browser **********
2026-01-29 09:30:25,622 [main] INFO nopCommerce - ********** Opening URL **********
2026-01-29 09:33:12,820 [main] INFO nopCommerce - ********** Launching Browser **********
2026-01-29 09:33:13,041 [main] INFO nopCommerce - ********** Opening URL **********
2026-01-29 09:33:39,534 [main] INFO nopCommerce - ********** Launching Browser **********
2026-01-29 09:33:39,779 [main] INFO nopCommerce - ********** Opening URL **********
2026-01-29 09:34:09,597 [main] INFO nopCommerce - ********** Launching Browser **********
2026-01-29 09:34:09,839 [main] INFO nopCommerce - ********** Opening URL **********
2026-01-29 09:34:48,805 [main] INFO nopCommerce - ********** Launching Browser **********
2026-01-29 09:34:49,053 [main] INFO nopCommerce - ********** Opening URL **********
2026-01-29 09:35:59,174 [main] INFO nopCommerce - ********** Launching Browser **********
2026-01-29 09:35:59,576 [main] INFO nopCommerce - ********** Opening URL **********
2026-01-29 09:36:41,312 [main] INFO nopCommerce - ********** Launching Browser **********
2026-01-29 09:36:41,538 [main] INFO nopCommerce - ********** Opening URL **********
2026-01-29 09:37:18,981 [main] INFO nopCommerce - ********** Launching Browser **********
2026-01-29 09:37:19,191 [main] INFO nopCommerce - ********** Opening URL **********
2026-01-29 09:38:03,858 [main] INFO nopCommerce - ********** Launching Browser **********
2026-01-29 09:38:04,112 [main] INFO nopCommerce - ********** Opening URL **********
2026-01-29 09:38:51,341 [main] INFO nopCommerce - ********** Launching Browser **********
2026-01-29 09:38:51,571 [main] INFO nopCommerce - ********** Opening URL **********
2026-01-29 09:39:38,977 [main] INFO nopCommerce - ********** Launching Browser **********
2026-01-29 09:39:39,297 [main] INFO nopCommerce - ********** Opening URL **********
2026-01-29 09:42:16,589 [main] INFO nopCommerce - ********** Launching Browser **********
2026-01-29 09:42:16,816 [main] INFO nopCommerce - ********** Opening URL **********
2026-01-29 09:42:51,815 [main] INFO nopCommerce - ********** Launching Browser **********
2026-01-29 09:42:52,108 [main] INFO nopCommerce - ********** Opening URL **********
2026-01-29 09:46:11,772 [main] INFO nopCommerce - ********** Launching Browser **********
2026-01-29 09:46:11,986 [main] INFO nopCommerce - ********** Opening URL **********
2026-01-29 09:46:38,496 [main] INFO nopCommerce - ********** Launching Browser **********
2026-01-29 09:46:38,763 [main] INFO nopCommerce - ********** Opening URL **********
2026-01-29 09:47:32,595 [main] INFO nopCommerce - ********** Launching Browser **********
2026-01-29 09:47:32,934 [main] INFO nopCommerce - ********** Opening URL **********
2026-01-29 09:54:51,962 [main] INFO nopCommerce - ********** Launching Browser **********
2026-01-29 09:54:52,194 [main] INFO nopCommerce - ********** Opening URL **********
2026-01-29 09:56:16,849 [main] INFO nopCommerce - ********** Launching Browser **********
2026-01-29 09:56:17,074 [main] INFO nopCommerce - ********** Opening URL **********
2026-01-29 09:57:58,468 [main] INFO nopCommerce - ********** Launching Browser **********
2026-01-29 09:57:58,696 [main] INFO nopCommerce - ********** Opening URL **********
2026-01-29 09:58:33,015 [main] INFO nopCommerce - ********** Launching Browser **********
2026-01-29 09:58:33,241 [main] INFO nopCommerce - ********** Opening URL **********
2026-01-29 09:59:19,770 [main] INFO nopCommerce - ********** Launching Browser **********
2026-01-29 09:59:20,009 [main] INFO nopCommerce - ********** Opening URL **********
2026-01-29 10:04:44,065 [main] INFO nopCommerce - ********** Launching Browser **********
2026-01-29 10:04:44,766 [main] INFO nopCommerce - ********** Opening URL **********
2026-01-29 10:09:47,063 [main] INFO nopCommerce - ********** Launching Browser **********
2026-01-29 10:09:48,532 [main] INFO nopCommerce - ********** Opening URL **********
2026-01-29 10:13:22,148 [main] INFO nopCommerce - ********** Launching Browser **********
2026-01-29 10:13:22,408 [main] INFO nopCommerce - ********** Opening URL **********
2026-01-29 10:15:49,929 [main] INFO nopCommerce - ********** Launching Browser **********
2026-01-29 10:15:50,158 [main] INFO nopCommerce - ********** Opening URL **********
2026-01-29 10:16:50,684 [main] INFO nopCommerce - ********** Launching Browser **********
2026-01-29 10:16:50,928 [main] INFO nopCommerce - ********** Opening URL **********
2026-01-29 10:19:22,960 [main] INFO nopCommerce - ********** Launching Browser **********
2026-01-29 10:19:23,269 [main] INFO nopCommerce - ********** Opening URL **********
2026-01-29 10:20:57,187 [main] INFO nopCommerce - ********** Launching Browser **********
2026-01-29 10:20:57,781 [main] INFO nopCommerce - ********** Opening URL **********
2026-01-29 10:22:32,732 [main] INFO nopCommerce - ********** Launching Browser **********
2026-01-29 10:22:33,075 [main] INFO nopCommerce - ********** Opening URL **********
2026-01-29 10:23:00,740 [main] INFO nopCommerce - ********** Launching Browser **********
2026-01-29 10:23:00,974 [main] INFO nopCommerce - ********** Opening URL **********
2026-01-29 10:23:30,680 [main] INFO nopCommerce - ********** Launching Browser **********
2026-01-29 10:23:30,910 [main] INFO nopCommerce - ********** Opening URL **********
2026-01-29 10:27:59,164 [main] INFO nopCommerce - ********** Launching Browser **********
2026-01-29 10:27:59,412 [main] INFO nopCommerce - ********** Opening URL **********
2026-01-29 10:30:13,195 [main] INFO nopCommerce - ********** Launching Browser **********
2026-01-29 10:30:13,434 [main] INFO nopCommerce - ********** Opening URL **********
2026-01-29 10:32:09,118 [main] INFO nopCommerce - ********** Launching Browser **********
2026-01-29 10:32:09,412 [main] INFO nopCommerce - ********** Opening URL **********
2026-01-29 10:46:41,494 [main] INFO nopCommerce - ********** Launching Browser **********
2026-01-29 10:46:41,737 [main] INFO nopCommerce - ********** Opening URL **********
2026-01-29 10:49:23,819 [main] INFO nopCommerce - ********** Launching Browser **********
2026-01-29 10:49:24,093 [main] INFO nopCommerce - ********** Opening URL **********
2026-01-29 10:53:34,785 [main] INFO nopCommerce - ********** Launching Browser **********
2026-01-29 10:53:35,040 [main] INFO nopCommerce - ********** Opening URL **********
2026-01-29 10:54:48,797 [main] INFO nopCommerce - ********** Launching Browser **********
2026-01-29 10:54:49,154 [main] INFO nopCommerce - ********** Opening URL **********
2026-01-29 11:01:55,517 [main] INFO nopCommerce - ********** Launching Browser **********
2026-01-29 11:01:55,849 [main] INFO nopCommerce - ********** Opening URL **********
2026-01-29 11:02:47,132 [main] INFO nopCommerce - ********** Launching Browser **********
2026-01-29 11:02:47,403 [main] INFO nopCommerce - ********** Opening URL **********
2026-01-29 11:04:57,982 [main] INFO nopCommerce - ********** Launching Browser **********
2026-01-29 11:04:58,828 [main] INFO nopCommerce - ********** Opening URL **********
2026-01-29 11:14:11,387 [main] INFO nopCommerce - ********** Launching Browser **********
2026-01-29 11:14:11,637 [main] INFO nopCommerce - ********** Opening URL **********
2026-01-29 11:15:18,389 [main] INFO nopCommerce - ********** Launching Browser **********
2026-01-29 11:15:18,649 [main] INFO nopCommerce - ********** Opening URL **********
2026-01-29 11:22:17,234 [main] INFO nopCommerce - ********** Launching Browser **********
2026-01-29 11:22:17,459 [main] INFO nopCommerce - ********** Opening URL **********
2026-01-29 11:23:35,018 [main] INFO nopCommerce - ********** Launching Browser **********
2026-01-29 11:23:35,262 [main] INFO nopCommerce - ********** Opening URL **********
2026-01-29 11:25:54,758 [main] INFO nopCommerce - ********** Launching Browser **********
2026-01-29 11:25:54,994 [main] INFO nopCommerce - ********** Opening URL **********
2026-01-29 11:26:05,149 [main] INFO nopCommerce - ********** Launching Browser **********
2026-01-29 11:26:05,370 [main] INFO nopCommerce - ********** Opening URL **********
2026-01-29 11:27:01,188 [main] INFO nopCommerce - ********** Launching Browser **********
2026-01-29 11:27:01,450 [main] INFO nopCommerce - ********** Opening URL **********
2026-01-29 11:28:22,167 [main] INFO nopCommerce - ********** Launching Browser **********
2026-01-29 11:28:22,502 [main] INFO nopCommerce - ********** Opening URL **********
2026-01-29 11:28:47,603 [main] INFO nopCommerce - ********** Launching Browser **********
2026-01-29 11:28:47,841 [main] INFO nopCommerce - ********** Opening URL **********
2026-01-29 11:30:14,345 [main] INFO nopCommerce - ********** Launching Browser **********
2026-01-29 11:30:14,563 [main] INFO nopCommerce - ********** Opening URL **********
2026-01-29 11:32:35,629 [main] INFO nopCommerce - ********** Launching Browser **********
2026-01-29 11:32:35,854 [main] INFO nopCommerce - ********** Opening URL **********
2026-01-29 11:33:03,315 [main] INFO nopCommerce - ********** Launching Browser **********
2026-01-29 11:33:03,701 [main] INFO nopCommerce - ********** Opening URL **********
2026-01-29 11:33:40,437 [main] INFO nopCommerce - ********** Launching Browser **********
2026-01-29 11:33:40,673 [main] INFO nopCommerce - ********** Opening URL **********
2026-01-29 11:34:01,228 [main] INFO nopCommerce - ********** Launching Browser **********
2026-01-29 11:34:01,447 [main] INFO nopCommerce - ********** Opening URL **********
2026-01-29 11:34:49,090 [main] INFO nopCommerce - ********** Launching Browser **********
2026-01-29 11:34:49,315 [main] INFO nopCommerce - ********** Opening URL **********
2026-01-29 11:46:43,225 [main] INFO nopCommerce - ********** Launching Browser **********
2026-01-29 11:46:43,453 [main] INFO nopCommerce - ********** Opening URL **********
2026-01-29 11:47:36,184 [main] INFO nopCommerce - ********** Launching Browser **********
2026-01-29 11:47:36,414 [main] INFO nopCommerce - ********** Opening URL **********
2026-01-29 11:52:53,465 [main] INFO nopCommerce - ********** Launching Browser **********
2026-01-29 11:52:53,768 [main] INFO nopCommerce - ********** Opening URL **********
2026-01-29 11:56:54,001 [main] INFO nopCommerce - ********** Launching Browser **********
2026-01-29 11:56:54,343 [main] INFO nopCommerce - ********** Opening URL **********
2026-01-29 12:04:20,081 [main] INFO nopCommerce - ********** Launching Browser **********
2026-01-29 12:04:20,318 [main] INFO nopCommerce - ********** Opening URL **********
2026-01-29 12:05:36,896 [main] INFO nopCommerce - ********** Launching Browser **********
2026-01-29 12:05:37,548 [main] INFO nopCommerce - ********** Opening URL **********
2026-01-29 12:12:51,485 [main] INFO nopCommerce - ********** Launching Browser **********
2026-01-29 12:12:51,798 [main] INFO nopCommerce - ********** Opening URL **********
2026-01-29 12:13:33,294 [main] INFO nopCommerce - ********** Launching Browser **********
2026-01-29 12:13:33,646 [main] INFO nopCommerce - ********** Opening URL **********
2026-01-29 12:16:50,508 [main] INFO nopCommerce - ********** Launching Browser **********
2026-01-29 12:16:50,731 [main] INFO nopCommerce - ********** Opening URL **********
2026-01-29 12:18:30,028 [main] INFO nopCommerce - ********** Launching Browser **********
2026-01-29 12:18:30,267 [main] INFO nopCommerce - ********** Opening URL **********
2026-01-29 12:19:08,582 [main] INFO nopCommerce - ********** Launching Browser **********
2026-01-29 12:19:08,817 [main] INFO nopCommerce - ********** Opening URL **********
2026-01-29 12:19:58,330 [main] INFO nopCommerce - ********** Launching Browser **********
2026-01-29 12:19:58,541 [main] INFO nopCommerce - ********** Opening URL **********
2026-01-29 12:22:01,200 [main] INFO nopCommerce - ********** Launching Browser **********
2026-01-29 12:22:01,423 [main] INFO nopCommerce - ********** Opening URL **********
2026-01-29 12:23:41,991 [main] INFO nopCommerce - ********** Launching Browser **********
2026-01-29 12:23:42,249 [main] INFO nopCommerce - ********** Opening URL **********
2026-01-29 12:43:39,043 [main] INFO nopCommerce - ********** Launching Browser **********
2026-01-29 12:43:39,285 [main] INFO nopCommerce - ********** Opening URL **********
2026-01-29 12:45:28,393 [main] INFO nopCommerce - ********** Launching Browser **********
2026-01-29 12:45:28,920 [main] INFO nopCommerce - ********** Opening URL **********
2026-01-29 12:45:48,035 [main] INFO nopCommerce - ********** Closing Browse r**********
2026-01-29 12:49:15,855 [main] INFO nopCommerce - ********** Launching Browser **********
2026-01-29 12:49:16,106 [main] INFO nopCommerce - ********** Opening URL **********
2026-01-29 12:50:46,375 [main] INFO nopCommerce - ********** Launching Browser **********
2026-01-29 12:50:46,864 [main] INFO nopCommerce - ********** Opening URL **********
2026-01-29 12:51:44,389 [main] INFO nopCommerce - ********** Launching Browser **********
2026-01-29 12:51:44,799 [main] INFO nopCommerce - ********** Opening URL **********
2026-01-29 12:52:47,127 [main] INFO nopCommerce - ********** Launching Browser **********
2026-01-29 12:52:47,386 [main] INFO nopCommerce - ********** Opening URL **********
2026-01-29 12:55:43,906 [main] INFO nopCommerce - ********** Launching Browser **********
2026-01-29 12:55:44,199 [main] INFO nopCommerce - ********** Opening URL **********
2026-01-29 13:01:10,297 [main] INFO nopCommerce - ********** Launching Browser **********
2026-01-29 13:01:15,005 [main] INFO nopCommerce - ********** Opening URL **********
2026-01-29 13:06:32,783 [main] INFO nopCommerce - ********** Launching Browser **********
2026-01-29 13:06:32,828 [main] INFO nopCommerce - ********** Opening URL **********
2026-01-29 13:07:23,711 [main] INFO nopCommerce - ********** Launching Browser **********
2026-01-29 13:07:24,827 [main] INFO nopCommerce - ********** Opening URL **********
2026-01-29 13:09:06,997 [main] INFO nopCommerce - ********** Launching Browser **********
2026-01-29 13:09:07,041 [main] INFO nopCommerce - ********** Opening URL **********
2026-01-29 13:10:25,986 [main] INFO nopCommerce - ********** Launching Browser **********
2026-01-29 13:10:26,067 [main] INFO nopCommerce - ********** Opening URL **********
2026-01-29 13:11:42,773 [main] INFO nopCommerce - ********** Launching Browser **********
2026-01-29 13:11:42,873 [main] INFO nopCommerce - ********** Opening URL **********
2026-01-29 13:13:10,812 [main] INFO nopCommerce - ********** Launching Browser **********
2026-01-29 13:13:10,856 [main] INFO nopCommerce - ********** Opening URL **********
2026-01-29 13:21:27,495 [main] INFO nopCommerce - ********** Launching Browser **********
2026-01-29 13:21:27,554 [main] INFO nopCommerce - ********** Opening URL **********
2026-01-29 13:23:27,992 [main] INFO nopCommerce - ********** Launching Browser **********
2026-01-29 13:23:28,158 [main] INFO nopCommerce - ********** Opening URL **********
2026-01-29 13:23:41,226 [main] INFO nopCommerce - ********** Closing Browse r**********
2026-01-29 13:24:21,920 [main] INFO nopCommerce - ********** Launching Browser **********
2026-01-29 13:24:21,969 [main] INFO nopCommerce - ********** Opening URL **********
2026-01-29 13:25:13,079 [main] INFO nopCommerce - ********** Launching Browser **********
2026-01-29 13:25:13,130 [main] INFO nopCommerce - ********** Opening URL **********
2026-01-29 13:26:25,195 [main] INFO nopCommerce - ********** Launching Browser **********
2026-01-29 13:26:25,242 [main] INFO nopCommerce - ********** Opening URL **********
2026-01-29 13:28:00,220 [main] INFO nopCommerce - ********** Launching Browser **********
2026-01-29 13:28:01,308 [main] INFO nopCommerce - ********** Opening URL **********
2026-01-29 13:28:13,203 [main] INFO nopCommerce - ********** Closing Browse r**********
2026-01-29 13:28:48,871 [main] INFO nopCommerce - ********** Launching Browser **********
2026-01-29 13:28:48,919 [main] INFO nopCommerce - ********** Opening URL **********
2026-01-29 13:28:59,885 [main] INFO nopCommerce - ********** Closing Browse r**********
2026-01-29 13:31:03,095 [main] INFO nopCommerce - ********** Launching Browser **********
2026-01-29 13:31:03,138 [main] INFO nopCommerce - ********** Opening URL **********
2026-01-29 13:31:17,195 [main] INFO nopCommerce - ********** Closing Browse r**********
2026-01-29 13:33:12,093 [main] INFO nopCommerce - ********** Launching Browser **********
2026-01-29 13:33:12,142 [main] INFO nopCommerce - ********** Opening URL **********
2026-01-29 13:33:30,655 [main] INFO nopCommerce - ********** Closing Browse r**********
2026-01-29 13:35:15,851 [main] INFO nopCommerce - ********** Launching Browser **********
2026-01-29 13:35:15,895 [main] INFO nopCommerce - ********** Opening URL **********
2026-01-29 13:39:06,750 [main] INFO nopCommerce - ********** Launching Browser **********
2026-01-29 13:39:06,807 [main] INFO nopCommerce - ********** Opening URL **********
2026-01-29 14:22:33,245 [main] INFO nopCommerce - ********** Launching Browser **********
2026-01-29 14:22:52,807 [main] INFO nopCommerce - ********** Launching Browser **********
2026-01-29 14:23:20,397 [main] INFO nopCommerce - ********** Launching Browser **********
2026-01-29 14:24:03,851 [main] INFO nopCommerce - ********** Launching Browser **********
2026-01-29 14:26:08,566 [main] INFO nopCommerce - ********** Launching Browser **********
2026-01-29 14:27:01,366 [main] INFO nopCommerce - ********** Launching Browser **********
2026-01-29 14:27:01,434 [main] INFO nopCommerce - ********** Opening URL **********
2026-01-29 14:28:13,256 [main] INFO nopCommerce - ********** Launching Browser **********
2026-01-29 14:28:13,303 [main] INFO nopCommerce - ********** Opening URL **********
2026-01-29 14:33:54,539 [main] INFO nopCommerce - ********** Launching Browser **********
2026-01-29 14:33:54,589 [main] INFO nopCommerce - ********** Opening URL **********
2026-01-29 14:34:05,315 [main] INFO nopCommerce - ********** Entered name and email for registration **********
2026-01-29 14:44:03,092 [main] INFO nopCommerce - ********** Launching Browser **********
2026-01-29 14:44:25,420 [main] INFO nopCommerce - ********** Launching Browser **********
2026-01-29 14:44:25,471 [main] INFO nopCommerce - ********** Opening URL **********
2026-01-29 14:44:37,212 [main] INFO nopCommerce - ********** Entered name and email for registration **********
2026-01-29 14:45:56,145 [main] INFO nopCommerce - ********** Launching Browser **********
2026-01-29 14:45:56,207 [main] INFO nopCommerce - ********** Opening URL **********
2026-01-29 14:46:07,707 [main] INFO nopCommerce - ********** Entered name and email for registration **********
2026-01-29 14:50:40,061 [main] INFO nopCommerce - ********** Launching Browser **********
2026-01-29 14:50:40,112 [main] INFO nopCommerce - ********** Opening URL **********
2026-01-29 14:50:51,940 [main] INFO nopCommerce - ********** Entered name and email for registration **********
2026-01-29 14:50:51,987 [main] ERROR nopCommerce - ENTER ACCOUNT INFORMATION header not found!
2026-01-29 14:53:44,558 [main] INFO nopCommerce - ********** Launching Browser **********
2026-01-29 14:53:44,605 [main] INFO nopCommerce - ********** Opening URL **********
2026-01-29 14:53:56,306 [main] INFO nopCommerce - ********** Entered name and email for registration **********
2026-01-29 14:54:00,134 [main] INFO nopCommerce - ********** Filling Account Information **********
2026-01-29 14:54:25,726 [main] INFO nopCommerce - ********** Launching Browser **********
2026-01-29 14:54:25,774 [main] INFO nopCommerce - ********** Opening URL **********
2026-01-29 14:54:35,474 [main] INFO nopCommerce - ********** Entered name and email for registration **********
2026-01-29 14:54:35,518 [main] INFO nopCommerce - ********** Filling Account Information **********
2026-01-29 14:57:17,969 [main] INFO nopCommerce - ********** Launching Browser **********
2026-01-29 14:57:18,019 [main] INFO nopCommerce - ********** Opening URL **********
2026-01-29 14:57:28,509 [main] INFO nopCommerce - ********** Entered name and email for registration **********
2026-01-29 14:57:28,550 [main] INFO nopCommerce - ********** Filling Account Information **********
2026-01-29 14:57:33,944 [main] INFO nopCommerce - ********** Selecting Newsletter Checkbox **********
2026-01-29 15:01:29,627 [main] INFO nopCommerce - ********** Launching Browser **********
2026-01-29 15:01:29,676 [main] INFO nopCommerce - ********** Opening URL **********
2026-01-29 15:01:39,719 [main] INFO nopCommerce - ********** Entered name and email for registration **********
2026-01-29 15:01:39,776 [main] INFO nopCommerce - ********** Filling Account Information **********
2026-01-29 15:01:41,345 [main] INFO nopCommerce - ********** Selecting Newsletter Checkbox **********
2026-01-29 15:10:37,182 [main] INFO nopCommerce - ********** Launching Browser **********
2026-01-29 15:10:37,265 [main] INFO nopCommerce - ********** Opening URL **********
2026-01-29 15:10:49,012 [main] INFO nopCommerce - ********** Entered name and email for registration **********
2026-01-29 15:10:49,049 [main] INFO nopCommerce - ********** Filling Account Information **********
2026-01-29 15:11:27,851 [main] INFO nopCommerce - ********** Launching Browser **********
2026-01-29 15:11:27,903 [main] INFO nopCommerce - ********** Opening URL **********
2026-01-29 15:11:51,996 [main] INFO nopCommerce - ********** Entered name and email for registration **********
2026-01-29 15:11:55,428 [main] INFO nopCommerce - ********** Filling Account Information **********
2026-01-29 15:11:56,353 [main] INFO nopCommerce - ********** Selecting Newsletter Checkbox **********
2026-01-29 15:12:33,198 [main] INFO nopCommerce - ********** Launching Browser **********
2026-01-29 15:12:33,280 [main] INFO nopCommerce - ********** Opening URL **********
2026-01-29 15:13:00,706 [main] INFO nopCommerce - ********** Entered name and email for registration **********
2026-01-29 15:13:00,753 [main] INFO nopCommerce - ********** Filling Account Information **********
2026-01-29 15:13:06,284 [main] INFO nopCommerce - ********** Selecting Newsletter Checkbox **********
2026-01-29 15:13:36,267 [main] INFO nopCommerce - ********** Launching Browser **********
2026-01-29 15:18:56,851 [main] INFO nopCommerce - ********** Launching Browser **********
2026-01-29 15:20:25,659 [main] INFO nopCommerce - ********** Launching Browser **********
2026-01-29 15:23:47,423 [main] INFO nopCommerce - ********** Launching Browser **********
2026-01-29 15:26:08,817 [main] INFO nopCommerce - ********** Launching Browser **********
2026-01-29 15:26:28,699 [main] INFO nopCommerce - ********** Launching Browser **********
2026-01-29 15:26:28,746 [main] INFO nopCommerce - ********** Opening URL **********
2026-01-29 15:26:40,796 [main] INFO nopCommerce - ********** Entered name and email for registration **********
2026-01-29 15:26:40,839 [main] INFO nopCommerce - ********** Filling Account Information **********
2026-01-29 15:26:44,459 [main] INFO nopCommerce - ********** Selecting Newsletter Checkbox **********
2026-01-29 15:28:08,097 [main] INFO nopCommerce - ********** Launching Browser **********
2026-01-29 15:28:08,148 [main] INFO nopCommerce - ********** Opening URL **********
2026-01-29 15:28:30,084 [main] INFO nopCommerce - ********** Closing Browse r**********
2026-01-29 15:29:52,374 [main] INFO nopCommerce - ********** Launching Browser **********
2026-01-29 15:29:52,422 [main] INFO nopCommerce - ********** Opening URL **********
2026-01-29 15:30:14,682 [main] INFO nopCommerce - ********** Closing Browse r**********
2026-01-29 15:31:51,629 [main] INFO nopCommerce - ********** Launching Browser **********
2026-01-29 15:31:51,682 [main] INFO nopCommerce - ********** Opening URL **********
2026-01-29 15:35:33,727 [main] INFO nopCommerce - ********** Launching Browser **********
2026-01-29 15:35:33,773 [main] INFO nopCommerce - ********** Opening URL **********
2026-01-29 15:35:45,112 [main] INFO nopCommerce - ********** Entered name and email for registration **********
2026-01-29 15:35:45,147 [main] INFO nopCommerce - ********** Filling Account Information **********
2026-01-29 15:36:39,421 [main] INFO nopCommerce - ********** Launching Browser **********
2026-01-29 15:36:39,473 [main] INFO nopCommerce - ********** Opening URL **********
2026-01-29 15:36:55,537 [main] INFO nopCommerce - ********** Entered name and email for registration **********
2026-01-29 15:36:55,576 [main] INFO nopCommerce - ********** Filling Account Information **********
2026-01-29 15:38:44,058 [main] INFO nopCommerce - ********** Launching Browser **********
2026-01-29 15:38:44,107 [main] INFO nopCommerce - ********** Opening URL **********
2026-01-29 15:38:55,516 [main] INFO nopCommerce - ********** Entered name and email for registration **********
2026-01-29 15:38:55,556 [main] INFO nopCommerce - ********** Filling Account Information **********
2026-01-29 15:38:59,586 [main] INFO nopCommerce - ********** Selecting Newsletter Checkbox **********
2026-01-29 15:40:28,043 [main] INFO nopCommerce - ********** Launching Browser **********
2026-01-29 15:40:28,090 [main] INFO nopCommerce - ********** Opening URL **********
2026-01-29 15:40:45,412 [main] INFO nopCommerce - ********** Entered name and email for registration **********
2026-01-29 15:40:48,567 [main] INFO nopCommerce - ********** Filling Account Information **********
2026-01-29 15:40:49,075 [main] INFO nopCommerce - ********** Selecting Newsletter Checkbox **********
2026-01-29 15:44:46,114 [main] INFO nopCommerce - ********** Launching Browser **********
2026-01-29 15:44:46,163 [main] INFO nopCommerce - ********** Opening URL **********
2026-01-29 15:44:59,660 [main] INFO nopCommerce - ********** Entered name and email for registration **********
2026-01-29 15:45:02,024 [main] INFO nopCommerce - ********** Filling Account Information **********
2026-01-29 15:45:02,800 [main] INFO nopCommerce - ********** Selecting Newsletter Checkbox **********
2026-01-29 15:45:02,835 [main] INFO nopCommerce - ********** Selecting Special Offers Checkbox **********
2026-01-29 15:45:02,857 [main] INFO nopCommerce - ********** Filling Address Information **********
2026-01-29 15:47:39,518 [main] INFO nopCommerce - ********** Launching Browser **********
2026-01-29 15:47:39,658 [main] INFO nopCommerce - ********** Opening URL **********
2026-01-29 15:48:01,700 [main] INFO nopCommerce - ********** Entered name and email for registration **********
2026-01-29 15:48:05,478 [main] INFO nopCommerce - ********** Filling Account Information **********
2026-01-29 15:48:06,076 [main] INFO nopCommerce - ********** Selecting Newsletter Checkbox **********
2026-01-29 15:48:06,107 [main] INFO nopCommerce - ********** Selecting Special Offers Checkbox **********
2026-01-29 15:48:06,131 [main] INFO nopCommerce - ********** Filling Address Information **********
2026-01-29 15:48:06,550 [main] INFO nopCommerce - ********** Clicking Create Account Button **********
2026-01-29 15:49:47,933 [main] INFO nopCommerce - ********** Launching Browser **********
2026-01-29 15:49:47,993 [main] INFO nopCommerce - ********** Opening URL **********
2026-01-29 15:50:22,649 [main] INFO nopCommerce - ********** Launching Browser **********
2026-01-29 15:50:22,698 [main] INFO nopCommerce - ********** Opening URL **********
2026-01-29 15:51:08,208 [main] INFO nopCommerce - ********** Entered name and email for registration **********
2026-01-29 15:51:15,665 [main] INFO nopCommerce - ********** Filling Account Information **********
2026-01-29 15:51:16,074 [main] INFO nopCommerce - ********** Selecting Newsletter Checkbox **********
2026-01-29 15:51:16,094 [main] INFO nopCommerce - ********** Selecting Special Offers Checkbox **********
2026-01-29 15:51:16,121 [main] INFO nopCommerce - ********** Filling Address Information **********
2026-01-29 15:51:16,658 [main] INFO nopCommerce - ********** Clicking Create Account Button **********
2026-01-29 15:51:20,537 [main] INFO nopCommerce - ********** Verifying Account Creation Success **********
2026-01-29 15:55:42,238 [main] INFO nopCommerce - ********** Launching Browser **********
2026-01-29 15:55:42,283 [main] INFO nopCommerce - ********** Opening URL **********
2026-01-29 15:56:27,573 [main] INFO nopCommerce - ********** Entered name and email for registration **********
2026-01-29 15:56:27,610 [main] INFO nopCommerce - ********** Filling Account Information **********
2026-01-29 15:56:34,220 [main] INFO nopCommerce - ********** Selecting Newsletter Checkbox **********
2026-01-29 15:56:34,240 [main] INFO nopCommerce - ********** Selecting Special Offers Checkbox **********
2026-01-29 15:56:34,260 [main] INFO nopCommerce - ********** Filling Address Information **********
2026-01-29 15:56:34,719 [main] INFO nopCommerce - ********** Clicking Create Account Button **********
2026-01-29 15:56:38,881 [main] INFO nopCommerce - ********** Verifying Account Creation Success **********
2026-01-29 15:56:38,903 [main] INFO nopCommerce - ********** Clicking Continue Button **********
2026-01-29 16:01:16,342 [main] INFO nopCommerce - ********** Launching Browser **********
2026-01-29 16:01:16,390 [main] INFO nopCommerce - ********** Opening URL **********
2026-01-29 16:01:36,923 [main] INFO nopCommerce - ********** Entered name and email for registration **********
2026-01-29 16:01:36,963 [main] INFO nopCommerce - ********** Filling Account Information **********
2026-01-29 16:01:45,290 [main] INFO nopCommerce - ********** Selecting Newsletter Checkbox **********
2026-01-29 16:01:45,312 [main] INFO nopCommerce - ********** Selecting Special Offers Checkbox **********
2026-01-29 16:01:45,334 [main] INFO nopCommerce - ********** Filling Address Information **********
2026-01-29 16:01:45,795 [main] INFO nopCommerce - ********** Clicking Create Account Button **********
2026-01-29 16:01:45,889 [main] INFO nopCommerce - ********** Verifying Account Creation Success **********
2026-01-29 16:02:36,451 [main] INFO nopCommerce - ********** Launching Browser **********
2026-01-29 16:02:36,500 [main] INFO nopCommerce - ********** Opening URL **********
2026-01-29 16:03:43,830 [main] INFO nopCommerce - ********** Launching Browser **********
2026-01-29 16:03:43,886 [main] INFO nopCommerce - ********** Opening URL **********
2026-01-29 16:04:24,692 [main] INFO nopCommerce - ********** Launching Browser **********
2026-01-29 16:04:24,734 [main] INFO nopCommerce - ********** Opening URL **********
2026-01-29 16:04:47,156 [main] INFO nopCommerce - ********** Entered name and email for registration **********
2026-01-29 16:04:57,191 [main] INFO nopCommerce - ********** Filling Account Information **********
2026-01-29 16:04:57,686 [main] INFO nopCommerce - ********** Selecting Newsletter Checkbox **********
2026-01-29 16:04:57,706 [main] INFO nopCommerce - ********** Selecting Special Offers Checkbox **********
2026-01-29 16:04:57,726 [main] INFO nopCommerce - ********** Filling Address Information **********
2026-01-29 16:04:58,148 [main] INFO nopCommerce - ********** Clicking Create Account Button **********
2026-01-29 16:05:02,964 [main] INFO nopCommerce - ********** Verifying Account Creation Success **********
2026-01-29 16:05:02,988 [main] INFO nopCommerce - ********** Clicking Continue Button **********
2026-01-29 16:05:13,111 [main] INFO nopCommerce - ********** Initiating Account Deletion **********
2026-01-29 16:05:59,247 [main] INFO nopCommerce - ********** Launching Browser **********
2026-01-29 16:05:59,295 [main] INFO nopCommerce - ********** Opening URL **********
2026-01-29 16:06:17,927 [main] INFO nopCommerce - ********** Entered name and email for registration **********
2026-01-29 16:06:17,966 [main] INFO nopCommerce - ********** Filling Account Information **********
2026-01-29 16:06:22,212 [main] INFO nopCommerce - ********** Selecting Newsletter Checkbox **********
2026-01-29 16:06:22,234 [main] INFO nopCommerce - ********** Selecting Special Offers Checkbox **********
2026-01-29 16:06:22,257 [main] INFO nopCommerce - ********** Filling Address Information **********
2026-01-29 16:06:22,739 [main] INFO nopCommerce - ********** Clicking Create Account Button **********
2026-01-29 16:06:26,346 [main] INFO nopCommerce - ********** Verifying Account Creation Success **********
2026-01-29 16:06:26,416 [main] INFO nopCommerce - ********** Clicking Continue Button **********
2026-01-29 16:06:31,392 [main] INFO nopCommerce - ********** Initiating Account Deletion **********
2026-01-29 16:06:33,273 [main] INFO nopCommerce - ********** Verifying Account Deletion and Closing Session **********
2026-01-29 16:16:45,107 [main] INFO nopCommerce - ********** Launching Browser **********
2026-01-29 16:16:45,156 [main] INFO nopCommerce - ********** Opening URL **********
2026-01-29 16:17:17,727 [main] INFO nopCommerce - ********** Launching Browser **********
2026-01-29 16:17:17,784 [main] INFO nopCommerce - ********** Opening URL **********
2026-01-29 16:17:44,064 [main] INFO nopCommerce - ********** Launching Browser **********
2026-01-29 16:17:44,107 [main] INFO nopCommerce - ********** Opening URL **********
2026-01-29 16:19:07,630 [main] INFO nopCommerce - ********** Launching Browser **********
2026-01-29 16:19:07,680 [main] INFO nopCommerce - ********** Opening URL **********
2026-01-29 16:20:37,380 [main] INFO nopCommerce - ********** Launching Browser **********
2026-01-29 16:20:37,425 [main] INFO nopCommerce - ********** Opening URL **********
2026-01-29 16:21:26,215 [main] INFO nopCommerce - ********** Launching Browser **********
2026-01-29 16:21:26,264 [main] INFO nopCommerce - ********** Opening URL **********
2026-01-29 16:22:37,183 [main] INFO nopCommerce - ********** Launching Browser **********
2026-01-29 16:22:37,231 [main] INFO nopCommerce - ********** Opening URL **********
2026-01-29 16:25:57,421 [main] INFO nopCommerce - ********** Launching Browser **********
2026-01-29 16:27:04,287 [main] INFO nopCommerce - ********** Launching Browser **********
2026-01-29 16:27:04,338 [main] INFO nopCommerce - ********** Opening URL **********
2026-01-29 16:30:39,480 [main] INFO nopCommerce - ********** Launching Browser **********
2026-01-29 16:30:39,543 [main] INFO nopCommerce - ********** Opening URL **********
2026-01-29 17:06:24,368 [main] INFO nopCommerce - ********** Launching Browser **********
2026-01-29 17:06:24,446 [main] INFO nopCommerce - ********** Opening URL **********
2026-01-29 17:07:00,635 [main] INFO nopCommerce - ********** Launching Browser **********
2026-01-29 17:07:00,677 [main] INFO nopCommerce - ********** Opening URL **********
2026-01-29 17:16:37,663 [main] INFO nopCommerce - ********** Launching Browser **********
2026-01-29 17:16:37,711 [main] INFO nopCommerce - ********** Opening URL **********
2026-01-29 17:17:41,389 [main] INFO nopCommerce - ********** Entered name and email for registration **********
2026-01-29 17:17:49,712 [main] INFO nopCommerce - ********** Filling Account Information **********
2026-01-29 17:17:50,173 [main] INFO nopCommerce - ********** Selecting Newsletter Checkbox **********
2026-01-29 17:17:50,202 [main] INFO nopCommerce - ********** Selecting Special Offers Checkbox **********
2026-01-29 17:17:50,223 [main] INFO nopCommerce - ********** Filling Address Information **********
2026-01-29 17:17:50,620 [main] INFO nopCommerce - ********** Clicking Create Account Button **********
2026-01-29 17:18:29,395 [main] INFO nopCommerce - ********** Verifying Account Creation Success **********
2026-01-29 17:18:29,419 [main] INFO nopCommerce - ********** Clicking Continue Button **********
2026-01-29 17:19:34,737 [main] INFO nopCommerce - ********** Launching Browser **********
2026-01-29 17:19:34,786 [main] INFO nopCommerce - ********** Opening URL **********
2026-01-29 17:20:21,905 [main] INFO nopCommerce - ********** Entered name and email for registration **********
2026-01-29 17:20:26,608 [main] INFO nopCommerce - ********** Filling Account Information **********
2026-01-29 17:20:27,138 [main] INFO nopCommerce - ********** Selecting Newsletter Checkbox **********
2026-01-29 17:20:27,165 [main] INFO nopCommerce - ********** Selecting Special Offers Checkbox **********
2026-01-29 17:20:27,226 [main] INFO nopCommerce - ********** Filling Address Information **********
2026-01-29 17:20:27,711 [main] INFO nopCommerce - ********** Clicking Create Account Button **********
2026-01-29 17:20:32,734 [main] INFO nopCommerce - ********** Verifying Account Creation Success **********
2026-01-29 17:20:32,753 [main] INFO nopCommerce - ********** Clicking Continue Button **********
2026-01-29 17:34:00,490 [main] INFO nopCommerce - ********** Launching Browser **********
2026-01-29 17:34:00,590 [main] INFO nopCommerce - ********** Opening URL **********
2026-01-29 17:39:58,119 [main] INFO nopCommerce - ********** Launching Browser **********
2026-01-29 17:40:16,764 [main] INFO nopCommerce - ********** Launching Browser **********
2026-01-29 17:40:16,839 [main] INFO nopCommerce - ********** Opening URL **********
2026-01-29 17:40:36,302 [main] INFO nopCommerce - ********** Scrolling back to the top of the page **********
2026-01-29 17:40:36,307 [main] INFO nopCommerce - ********** Verifying Scroll Up and Header Visibility **********
2026-01-29 17:40:36,339 [main] INFO nopCommerce - Scroll up verified: Header text is visible.
2026-01-29 17:40:59,344 [main] INFO nopCommerce - ********** Launching Browser **********
2026-01-29 17:40:59,401 [main] INFO nopCommerce - ********** Opening URL **********
2026-01-29 17:41:25,714 [main] INFO nopCommerce - ********** Scrolling back to the top of the page **********
2026-01-29 17:41:25,719 [main] INFO nopCommerce - ********** Verifying Scroll Up and Header Visibility **********
2026-01-29 17:41:25,754 [main] INFO nopCommerce - Scroll up verified: Header text is visible.
2026-01-29 17:45:55,363 [main] INFO nopCommerce - ********** Launching Browser **********
2026-01-29 17:45:55,422 [main] INFO nopCommerce - ********** Opening URL **********
2026-01-29 17:46:18,670 [main] INFO nopCommerce - ********** Clicking the Scroll-Up Arrow **********
2026-01-29 17:46:18,710 [main] INFO nopCommerce - ********** Verifying Scroll Up and Header Visibility **********
2026-01-29 17:46:18,735 [main] INFO nopCommerce - Scroll up verified: Header text is visible.
2026-01-29 17:53:42,689 [main] INFO nopCommerce - ********** Launching Browser **********
2026-01-29 17:53:42,744 [main] INFO nopCommerce - ********** Opening URL **********
2026-01-29 17:54:28,769 [main] INFO nopCommerce - ********** Verifying Recommended Items Section **********
2026-01-29 17:54:28,820 [main] INFO nopCommerce - ********** Adding Recommended Product to Cart **********
2026-01-30 10:14:30,440 [main] INFO nopCommerce - ********** Launching Browser **********
2026-01-30 10:14:31,400 [main] INFO nopCommerce - ********** Launching Browser **********
2026-01-30 10:14:37,663 [main] INFO nopCommerce - ********** Launching Browser **********
2026-01-30 10:14:37,694 [main] INFO nopCommerce - ********** Opening URL **********
2026-01-30 10:15:00,708 [main] INFO nopCommerce - ********** Clicking Proceed To Checkout Button **********
2026-01-30 10:15:00,717 [main] INFO nopCommerce - ********** Clicking Register/Login button **********
2026-01-30 10:15:02,066 [main] INFO nopCommerce - ********** Entered name and email for registration **********
2026-01-30 10:15:05,004 [main] INFO nopCommerce - ********** Filling Account Information **********
2026-01-30 10:15:05,248 [main] INFO nopCommerce - ********** Selecting Newsletter Checkbox **********
2026-01-30 10:15:05,261 [main] INFO nopCommerce - ********** Selecting Special Offers Checkbox **********
2026-01-30 10:15:05,271 [main] INFO nopCommerce - ********** Filling Address Information **********
2026-01-30 10:15:05,512 [main] INFO nopCommerce - ********** Clicking Create Account Button **********
2026-01-30 10:15:08,585 [main] INFO nopCommerce - ********** Verifying Account Creation Success **********
2026-01-30 10:15:08,604 [main] INFO nopCommerce - ********** Clicking Continue Button **********
2026-01-30 10:15:34,209 [main] INFO nopCommerce - ********** Clicking Proceed To Checkout Button **********
2026-01-30 10:15:36,951 [main] INFO nopCommerce - ********** Verifying Checkout Information **********
2026-01-30 10:15:36,975 [main] INFO nopCommerce - Address Details and Review Order are successfully verified.
2026-01-30 10:15:36,975 [main] INFO nopCommerce - ********** Finalizing Order with Comments **********
2026-01-30 10:15:38,946 [main] INFO nopCommerce - ********** Entering Payment Information **********
2026-01-30 10:15:39,076 [main] INFO nopCommerce - ********** Confirming the Order **********
2026-01-30 10:15:42,262 [main] INFO nopCommerce - ********** Verifying Order Success Message **********
2026-01-30 10:15:42,277 [main] INFO nopCommerce - Order successfully verified!
2026-01-30 10:15:42,277 [main] INFO nopCommerce - ********** Initiating Account Deletion **********
2026-01-30 10:15:43,524 [main] INFO nopCommerce - ********** Verifying Account Deletion and Closing Session **********
2026-01-30 10:16:38,139 [main] INFO nopCommerce - ********** Launching Browser **********
2026-01-30 10:16:38,167 [main] INFO nopCommerce - ********** Opening URL **********
2026-01-30 10:16:46,783 [main] INFO nopCommerce - ********** Entered name and email for registration **********
2026-01-30 10:16:46,804 [main] INFO nopCommerce - ********** Filling Account Information **********
2026-01-30 10:16:51,031 [main] INFO nopCommerce - ********** Selecting Newsletter Checkbox **********
2026-01-30 10:16:51,045 [main] INFO nopCommerce - ********** Selecting Special Offers Checkbox **********
2026-01-30 10:16:51,055 [main] INFO nopCommerce - ********** Filling Address Information **********
2026-01-30 10:16:51,298 [main] INFO nopCommerce - ********** Clicking Create Account Button **********
2026-01-30 10:16:55,025 [main] INFO nopCommerce - ********** Verifying Account Creation Success **********
2026-01-30 10:16:55,045 [main] INFO nopCommerce - ********** Clicking Continue Button **********
2026-01-30 10:28:29,639 [main] INFO nopCommerce - ********** Launching Browser **********
2026-01-30 10:28:29,663 [main] INFO nopCommerce - ********** Opening URL **********
2026-01-30 10:30:22,629 [main] INFO nopCommerce - ********** Launching Browser **********
2026-01-30 10:30:22,652 [main] INFO nopCommerce - ********** Opening URL **********
2026-01-30 10:58:28,704 [main] INFO nopCommerce - ********** Launching Browser **********
2026-01-30 10:58:28,733 [main] INFO nopCommerce - ********** Opening URL **********
2026-01-30 10:58:38,364 [main] INFO nopCommerce - ********** Verifying Sidebar Categories **********
2026-01-30 10:58:38,397 [main] INFO nopCommerce - Category sidebar is successfully verified.
2026-01-30 10:58:38,397 [main] INFO nopCommerce - ********** Clicking Women Category **********
2026-01-30 11:00:46,017 [main] INFO nopCommerce - ********** Launching Browser **********
2026-01-30 11:00:46,047 [main] INFO nopCommerce - ********** Opening URL **********
2026-01-30 11:00:49,716 [main] INFO nopCommerce - ********** Verifying Sidebar Categories **********
2026-01-30 11:00:49,740 [main] INFO nopCommerce - Category sidebar is successfully verified.
2026-01-30 11:00:49,740 [main] INFO nopCommerce - ********** Clicking Women Category **********
2026-01-30 11:00:49,774 [main] INFO nopCommerce - ********** Navigating to Women > Dress Category **********
2026-01-30 11:11:29,799 [main] INFO nopCommerce - ********** Launching Browser **********
2026-01-30 11:11:29,829 [main] INFO nopCommerce - ********** Opening URL **********
2026-01-30 11:12:01,016 [main] INFO nopCommerce - ********** Verifying Sidebar Categories **********
2026-01-30 11:12:01,042 [main] INFO nopCommerce - Category sidebar is successfully verified.
2026-01-30 11:12:01,042 [main] INFO nopCommerce - ********** Clicking Women Category **********
2026-01-30 11:12:01,074 [main] INFO nopCommerce - ********** Navigating to Women > Dress Category **********
2026-01-30 11:12:05,568 [main] INFO nopCommerce - ********** Verifying Category Page Header **********
2026-01-30 11:13:51,506 [main] INFO nopCommerce - ********** Launching Browser **********
2026-01-30 11:13:51,538 [main] INFO nopCommerce - ********** Opening URL **********
2026-01-30 11:13:58,306 [main] INFO nopCommerce - ********** Verifying Sidebar Categories **********
2026-01-30 11:13:58,330 [main] INFO nopCommerce - Category sidebar is successfully verified.
2026-01-30 11:13:58,330 [main] INFO nopCommerce - ********** Clicking Women Category **********
2026-01-30 11:13:58,362 [main] INFO nopCommerce - ********** Navigating to Women > Dress Category **********
2026-01-30 11:14:01,654 [main] INFO nopCommerce - ********** Verifying Category Page Header **********
2026-01-30 11:14:01,678 [main] INFO nopCommerce - Expected: WOMEN - TOPS PRODUCTS
2026-01-30 11:14:01,678 [main] INFO nopCommerce - Actual: WOMEN - DRESS PRODUCTS
2026-01-30 11:16:15,574 [main] INFO nopCommerce - ********** Launching Browser **********
2026-01-30 11:16:15,604 [main] INFO nopCommerce - ********** Opening URL **********
2026-01-30 11:16:22,835 [main] INFO nopCommerce - ********** Verifying Sidebar Categories **********
2026-01-30 11:16:22,862 [main] INFO nopCommerce - Category sidebar is successfully verified.
2026-01-30 11:16:22,863 [main] INFO nopCommerce - ********** Clicking Women Category **********
2026-01-30 11:16:22,903 [main] INFO nopCommerce - ********** Navigating to Women > Dress Category **********
2026-01-30 11:16:26,881 [main] INFO nopCommerce - ********** Verifying Category Page Header **********
2026-01-30 11:16:26,901 [main] INFO nopCommerce - Expected: WOMEN - DRESS PRODUCTS
2026-01-30 11:16:26,901 [main] INFO nopCommerce - Actual: WOMEN - DRESS PRODUCTS
2026-01-30 11:16:26,901 [main] INFO nopCommerce - ********** Navigating to Men > Tshirts Category **********
2026-01-30 11:16:32,116 [main] INFO nopCommerce - ********** Verifying Category Page Navigation **********
2026-01-30 11:16:32,146 [main] INFO nopCommerce - Successfully navigated to category page: MEN - TSHIRTS PRODUCTS
2026-01-30 11:57:04,804 [main] INFO nopCommerce - ********** Launching Browser **********
2026-01-30 11:57:04,845 [main] INFO nopCommerce - ********** Opening URL **********
2026-01-30 11:57:10,299 [main] INFO nopCommerce - ********** Verifying Brands Sidebar after navigating to Products **********
2026-01-30 11:57:10,335 [main] INFO nopCommerce - Brands sidebar is visible.
2026-01-30 11:57:10,336 [main] INFO nopCommerce - ********** Clicking on Brand: Polo **********
2026-01-30 11:57:38,063 [main] INFO nopCommerce - ********** Launching Browser **********
2026-01-30 11:57:38,090 [main] INFO nopCommerce - ********** Opening URL **********
2026-01-30 11:57:48,266 [main] INFO nopCommerce - ********** Verifying Brands Sidebar after navigating to Products **********
2026-01-30 11:57:48,315 [main] INFO nopCommerce - Brands sidebar is visible.
2026-01-30 11:57:48,316 [main] INFO nopCommerce - ********** Clicking on Brand: Polo **********
2026-01-30 11:58:17,160 [main] INFO nopCommerce - ********** Launching Browser **********
2026-01-30 11:58:17,185 [main] INFO nopCommerce - ********** Opening URL **********
2026-01-30 11:58:21,570 [main] INFO nopCommerce - ********** Verifying Brands Sidebar after navigating to Products **********
2026-01-30 11:58:21,614 [main] INFO nopCommerce - Brands sidebar is visible.
2026-01-30 11:58:21,614 [main] INFO nopCommerce - ********** Clicking on Brand: Polo **********
2026-01-30 12:02:31,927 [main] INFO nopCommerce - ********** Launching Browser **********
2026-01-30 12:02:31,957 [main] INFO nopCommerce - ********** Opening URL **********
2026-01-30 12:02:36,617 [main] INFO nopCommerce - ********** Verifying Brands Sidebar after navigating to Products **********
2026-01-30 12:02:36,656 [main] INFO nopCommerce - Brands sidebar is visible.
2026-01-30 12:02:36,657 [main] INFO nopCommerce - ********** Clicking on Brand: Polo **********
2026-01-30 12:02:57,732 [main] INFO nopCommerce - ********** Launching Browser **********
2026-01-30 12:02:57,761 [main] INFO nopCommerce - ********** Opening URL **********
2026-01-30 12:03:01,623 [main] INFO nopCommerce - ********** Verifying Brands Sidebar after navigating to Products **********
2026-01-30 12:03:01,672 [main] INFO nopCommerce - Brands sidebar is visible.
2026-01-30 12:03:01,672 [main] INFO nopCommerce - ********** Clicking on Brand: Polo **********
2026-01-30 12:03:33,689 [main] INFO nopCommerce - ********** Launching Browser **********
2026-01-30 12:03:33,716 [main] INFO nopCommerce - ********** Opening URL **********
2026-01-30 12:04:29,438 [main] INFO nopCommerce - ********** Launching Browser **********
2026-01-30 12:04:29,465 [main] INFO nopCommerce - ********** Opening URL **********
2026-01-30 12:04:33,312 [main] INFO nopCommerce - ********** Verifying Brands Sidebar after navigating to Products **********
2026-01-30 12:04:33,350 [main] INFO nopCommerce - Brands sidebar is visible.
2026-01-30 12:04:33,351 [main] INFO nopCommerce - ********** Clicking on Brand: Polo **********
2026-01-30 12:05:35,683 [main] INFO nopCommerce - ********** Launching Browser **********
2026-01-30 12:05:35,717 [main] INFO nopCommerce - ********** Opening URL **********
2026-01-30 12:05:39,880 [main] INFO nopCommerce - ********** Verifying Brands Sidebar after navigating to Products **********
2026-01-30 12:05:44,933 [main] INFO nopCommerce - Brands sidebar is visible.
2026-01-30 12:05:44,934 [main] INFO nopCommerce - ********** Clicking on Brand: Polo **********
2026-01-30 12:09:23,233 [main] INFO nopCommerce - ********** Launching Browser **********
2026-01-30 12:09:23,267 [main] INFO nopCommerce - ********** Opening URL **********
2026-01-30 12:09:29,982 [main] INFO nopCommerce - ********** Verifying Brands Sidebar after navigating to Products **********
2026-01-30 12:09:36,281 [main] INFO nopCommerce - Brands sidebar is visible.
2026-01-30 12:09:36,282 [main] INFO nopCommerce - ********** Clicking on Brand: Polo **********
2026-01-30 12:27:55,812 [main] INFO nopCommerce - ********** Launching Browser **********
2026-01-30 12:27:55,841 [main] INFO nopCommerce - ********** Opening URL **********
2026-01-30 12:27:59,394 [main] INFO nopCommerce - ********** Verifying Brands Sidebar after navigating to Products **********
2026-01-30 12:28:04,447 [main] INFO nopCommerce - Brands sidebar is visible.
2026-01-30 12:28:04,448 [main] INFO nopCommerce - ********** Clicking on Brand: Polo **********
2026-01-30 12:28:07,038 [main] INFO nopCommerce - ********** Verifying Brand Page Display **********
2026-01-30 12:28:54,140 [main] INFO nopCommerce - ********** Launching Browser **********
2026-01-30 12:28:54,167 [main] INFO nopCommerce - ********** Opening URL **********
2026-01-30 12:28:58,515 [main] INFO nopCommerce - ********** Verifying Brands Sidebar after navigating to Products **********
2026-01-30 12:29:03,587 [main] INFO nopCommerce - Brands sidebar is visible.
2026-01-30 12:29:03,588 [main] INFO nopCommerce - ********** Clicking on Brand: Polo **********
2026-01-30 12:29:07,325 [main] INFO nopCommerce - ********** Verifying Brand Page Display **********
2026-01-30 12:32:36,621 [main] INFO nopCommerce - ********** Launching Browser **********
2026-01-30 12:32:36,693 [main] INFO nopCommerce - ********** Opening URL **********
2026-01-30 12:32:41,772 [main] INFO nopCommerce - ********** Entered name and email for registration **********
2026-01-30 12:32:41,848 [main] INFO nopCommerce - ********** Filling Account Information **********
2026-01-30 12:32:43,495 [main] INFO nopCommerce - ********** Selecting Newsletter Checkbox **********
2026-01-30 12:32:43,514 [main] INFO nopCommerce - ********** Selecting Special Offers Checkbox **********
2026-01-30 12:32:43,529 [main] INFO nopCommerce - ********** Filling Address Information **********
2026-01-30 12:32:43,892 [main] INFO nopCommerce - ********** Clicking Create Account Button **********
2026-01-30 12:32:46,787 [main] INFO nopCommerce - ********** Verifying Account Creation Success **********
2026-01-30 12:32:46,812 [main] INFO nopCommerce - ********** Clicking Continue Button **********
2026-01-30 12:32:48,439 [main] INFO nopCommerce - ********** Initiating Account Deletion **********
2026-01-30 12:32:50,661 [main] INFO nopCommerce - ********** Verifying Account Deletion and Closing Session **********
2026-01-30 12:33:32,748 [main] INFO nopCommerce - ********** Launching Browser **********
2026-01-30 12:33:32,806 [main] INFO nopCommerce - ********** Opening URL **********
2026-01-30 12:52:46,008 [main] INFO nopCommerce - ********** Launching Browser **********
2026-01-30 12:52:46,093 [main] INFO nopCommerce - ********** Opening URL **********
2026-01-30 12:54:22,598 [main] INFO nopCommerce - ********** Launching Browser **********
2026-01-30 12:54:22,650 [main] INFO nopCommerce - ********** Opening URL **********
2026-01-30 12:56:05,251 [main] INFO nopCommerce - ********** Launching Browser **********
2026-01-30 12:56:05,301 [main] INFO nopCommerce - ********** Opening URL **********
2026-01-30 12:57:15,607 [main] INFO nopCommerce - ********** Launching Browser **********
2026-01-30 12:57:15,789 [main] INFO nopCommerce - ********** Opening URL **********
2026-01-30 13:04:20,278 [main] INFO nopCommerce - ********** Launching Browser **********
2026-01-30 13:04:24,292 [main] INFO nopCommerce - ********** Opening URL **********
2026-01-30 13:04:58,465 [main] INFO nopCommerce - ********** Launching Browser **********
2026-01-30 13:05:01,530 [main] INFO nopCommerce - ********** Opening URL **********
2026-01-30 13:12:33,109 [main] INFO nopCommerce - ********** Launching Browser **********
2026-01-30 13:12:34,646 [main] INFO nopCommerce - ********** Opening URL **********
2026-01-30 13:12:59,756 [main] INFO nopCommerce - ********** Launching Browser **********
2026-01-30 13:13:01,190 [main] INFO nopCommerce - ********** Opening URL **********
2026-01-30 13:13:57,811 [main] INFO nopCommerce - ********** Launching Browser **********
2026-01-30 13:13:59,081 [main] INFO nopCommerce - ********** Opening URL **********
2026-01-30 13:15:13,697 [main] INFO nopCommerce - ********** Launching Browser **********
2026-01-30 13:15:13,745 [main] INFO nopCommerce - ********** Opening URL **********
2026-01-30 13:16:21,688 [main] INFO nopCommerce - ********** Launching Browser **********
2026-01-30 13:16:21,742 [main] INFO nopCommerce - ********** Opening URL **********
2026-01-30 13:16:32,396 [main] INFO nopCommerce - ********** Entered name and email for registration **********
2026-01-30 13:16:32,465 [main] INFO nopCommerce - ********** Filling Account Information **********
2026-01-30 13:16:34,487 [main] INFO nopCommerce - ********** Selecting Newsletter Checkbox **********
2026-01-30 13:16:34,515 [main] INFO nopCommerce - ********** Selecting Special Offers Checkbox **********
2026-01-30 13:16:34,538 [main] INFO nopCommerce - ********** Filling Address Information **********
2026-01-30 13:16:35,057 [main] INFO nopCommerce - ********** Clicking Create Account Button **********
2026-01-30 13:16:39,925 [main] INFO nopCommerce - ********** Verifying Account Creation Success **********
2026-01-30 13:16:39,956 [main] INFO nopCommerce - ********** Clicking Continue Button **********
2026-01-30 13:16:44,555 [main] INFO nopCommerce - ********** Initiating Account Deletion **********
2026-01-30 13:16:46,014 [main] INFO nopCommerce - ********** Verifying Account Deletion and Closing Session **********
2026-01-30 13:37:09,032 [main] INFO nopCommerce - ********** Launching Browser **********
2026-01-30 13:37:09,105 [main] INFO nopCommerce - ********** Opening URL **********
2026-01-30 13:38:33,967 [main] INFO nopCommerce - ********** Launching Browser **********
2026-01-30 13:38:34,025 [main] INFO nopCommerce - ********** Opening URL **********
2026-01-30 13:39:17,144 [main] INFO nopCommerce - ********** Launching Browser **********
2026-01-30 13:39:17,188 [main] INFO nopCommerce - ********** Opening URL **********
2026-01-30 13:40:34,497 [main] INFO nopCommerce - ********** Launching Browser **********
2026-01-30 13:40:34,546 [main] INFO nopCommerce - ********** Opening URL **********
2026-01-30 13:41:25,578 [main] INFO nopCommerce - ********** Launching Browser **********
2026-01-30 13:41:25,625 [main] INFO nopCommerce - ********** Opening URL **********
2026-01-30 13:42:42,589 [main] INFO nopCommerce - ********** Launching Browser **********
2026-01-30 13:42:42,636 [main] INFO nopCommerce - ********** Opening URL **********
2026-01-30 13:45:59,158 [main] INFO nopCommerce - ********** Launching Browser **********
2026-01-30 13:45:59,203 [main] INFO nopCommerce - ********** Opening URL **********
2026-01-30 13:47:01,155 [main] INFO nopCommerce - ********** Launching Browser **********
2026-01-30 13:47:01,199 [main] INFO nopCommerce - ********** Opening URL **********
2026-01-30 13:48:36,716 [main] INFO nopCommerce - ********** Launching Browser **********
2026-01-30 13:48:36,761 [main] INFO nopCommerce - ********** Opening URL **********
2026-01-30 13:48:44,851 [main] INFO nopCommerce - ********** Verifying Brands Sidebar after navigating to Products **********
2026-01-30 13:48:49,916 [main] INFO nopCommerce - Brands sidebar is visible.
2026-01-30 13:48:49,917 [main] INFO nopCommerce - ********** Clicking on Brand: Polo **********
2026-01-30 13:49:28,246 [main] INFO nopCommerce - ********** Launching Browser **********
2026-01-30 13:49:28,300 [main] INFO nopCommerce - ********** Opening URL **********
2026-01-30 13:49:32,693 [main] INFO nopCommerce - ********** Verifying Sidebar Categories **********
2026-01-30 13:49:32,732 [main] INFO nopCommerce - Category sidebar is successfully verified.
2026-01-30 13:49:32,733 [main] INFO nopCommerce - ********** Clicking Women Category **********
2026-01-30 13:49:32,809 [main] INFO nopCommerce - ********** Navigating to Women > Dress Category **********
2026-01-30 13:49:34,975 [main] INFO nopCommerce - ********** Verifying Category Page Header **********
2026-01-30 13:49:35,005 [main] INFO nopCommerce - Expected: WOMEN - DRESS PRODUCTS
2026-01-30 13:49:35,006 [main] INFO nopCommerce - Actual: WOMEN - DRESS PRODUCTS
2026-01-30 13:49:35,006 [main] INFO nopCommerce - ********** Navigating to Men > Tshirts Category **********
2026-01-30 13:49:37,912 [main] INFO nopCommerce - ********** Verifying Category Page Navigation **********
2026-01-30 13:49:37,938 [main] INFO nopCommerce - Successfully navigated to category page: MEN - TSHIRTS PRODUCTS
2026-01-30 13:50:23,693 [main] INFO nopCommerce - ********** Launching Browser **********
2026-01-30 13:50:23,741 [main] INFO nopCommerce - ********** Opening URL **********
2026-01-30 13:53:27,278 [main] INFO nopCommerce - ********** Launching Browser **********
2026-01-30 13:53:27,331 [main] INFO nopCommerce - ********** Opening URL **********
2026-01-30 13:54:42,983 [main] INFO nopCommerce - ********** Launching Browser **********
2026-01-30 13:54:43,026 [main] INFO nopCommerce - ********** Opening URL **********
2026-01-30 13:55:14,031 [main] INFO nopCommerce - ********** Launching Browser **********
2026-01-30 13:55:14,090 [main] INFO nopCommerce - ********** Opening URL **********
2026-01-30 13:55:30,154 [main] INFO nopCommerce - ********** Clicking Proceed To Checkout Button **********
2026-01-30 13:55:31,551 [main] INFO nopCommerce - ********** Clicking Register/Login button **********
2026-01-30 13:55:40,097 [main] INFO nopCommerce - ********** Launching Browser **********
2026-01-30 13:55:40,141 [main] INFO nopCommerce - ********** Opening URL **********
2026-01-30 13:55:56,860 [main] INFO nopCommerce - ********** Clicking Proceed To Checkout Button **********
2026-01-30 13:55:58,203 [main] INFO nopCommerce - ********** Clicking Register/Login button **********
2026-01-30 13:56:05,495 [main] INFO nopCommerce - ********** Launching Browser **********
2026-01-30 13:56:05,543 [main] INFO nopCommerce - ********** Opening URL **********
2026-01-30 13:56:21,010 [main] INFO nopCommerce - ********** Clicking Proceed To Checkout Button **********
2026-01-30 13:56:21,978 [main] INFO nopCommerce - ********** Clicking Register/Login button **********
2026-01-30 13:56:36,532 [main] INFO nopCommerce - ********** Launching Browser **********
2026-01-30 13:56:36,584 [main] INFO nopCommerce - ********** Opening URL **********
2026-01-30 13:58:09,459 [main] INFO nopCommerce - ********** Launching Browser **********
2026-01-30 13:58:09,518 [main] INFO nopCommerce - ********** Opening URL **********
2026-01-30 13:58:19,456 [main] INFO nopCommerce - ********** Launching Browser **********
2026-01-30 13:58:19,508 [main] INFO nopCommerce - ********** Opening URL **********
2026-01-30 13:58:41,456 [main] INFO nopCommerce - ********** Launching Browser **********
2026-01-30 13:58:41,509 [main] INFO nopCommerce - ********** Opening URL **********
2026-01-30 13:58:56,015 [main] INFO nopCommerce - ********** Clicking Proceed To Checkout Button **********
2026-01-30 13:58:58,710 [main] INFO nopCommerce - ********** Clicking Register/Login button **********
2026-01-30 13:59:31,540 [main] INFO nopCommerce - ********** Launching Browser **********
2026-01-30 13:59:31,600 [main] INFO nopCommerce - ********** Opening URL **********
2026-01-30 13:59:47,478 [main] INFO nopCommerce - ********** Clicking Proceed To Checkout Button **********
2026-01-30 13:59:48,289 [main] INFO nopCommerce - ********** Clicking Register/Login button **********
2026-01-30 14:01:39,007 [main] INFO nopCommerce - ********** Launching Browser **********
2026-01-30 14:01:39,062 [main] INFO nopCommerce - ********** Opening URL **********
2026-01-30 14:02:27,524 [main] INFO nopCommerce - ********** Launching Browser **********
2026-01-30 14:02:27,575 [main] INFO nopCommerce - ********** Opening URL **********
2026-01-30 14:03:34,654 [main] INFO nopCommerce - ********** Launching Browser **********
2026-01-30 14:03:34,772 [main] INFO nopCommerce - ********** Opening URL **********
2026-01-30 14:03:45,758 [main] INFO nopCommerce - ********** Closing Browse r**********
2026-01-30 14:04:26,264 [main] INFO nopCommerce - ********** Launching Browser **********
2026-01-30 14:04:26,308 [main] INFO nopCommerce - ********** Opening URL **********
2026-01-30 14:04:33,001 [main] INFO nopCommerce - ********** Entered name and email for registration **********
2026-01-30 14:04:33,060 [main] INFO nopCommerce - ********** Filling Account Information **********
2026-01-30 14:04:36,024 [main] INFO nopCommerce - ********** Selecting Newsletter Checkbox **********
2026-01-30 14:04:36,050 [main] INFO nopCommerce - ********** Selecting Special Offers Checkbox **********
2026-01-30 14:04:36,072 [main] INFO nopCommerce - ********** Filling Address Information **********
2026-01-30 14:04:36,480 [main] INFO nopCommerce - ********** Clicking Create Account Button **********
2026-01-30 14:04:38,624 [main] INFO nopCommerce - ********** Verifying Account Creation Success **********
2026-01-30 14:04:38,651 [main] INFO nopCommerce - ********** Clicking Continue Button **********
2026-01-30 14:04:40,810 [main] INFO nopCommerce - ********** Initiating Account Deletion **********
2026-01-30 14:04:42,050 [main] INFO nopCommerce - ********** Verifying Account Deletion and Closing Session **********
2026-01-30 14:07:27,180 [main] INFO nopCommerce - ********** Launching Browser **********
2026-01-30 14:07:27,224 [main] INFO nopCommerce - ********** Opening URL **********
2026-01-30 14:07:57,231 [main] INFO nopCommerce - ********** Launching Browser **********
2026-01-30 14:07:57,301 [main] INFO nopCommerce - ********** Opening URL **********
2026-01-30 14:08:57,851 [main] INFO nopCommerce - ********** Launching Browser **********
2026-01-30 14:08:57,903 [main] INFO nopCommerce - ********** Opening URL **********
2026-01-30 14:09:47,028 [main] INFO nopCommerce - ********** Launching Browser **********
2026-01-30 14:09:47,086 [main] INFO nopCommerce - ********** Opening URL **********
2026-01-30 14:10:28,879 [main] INFO nopCommerce - ********** Launching Browser **********
2026-01-30 14:10:28,944 [main] INFO nopCommerce - ********** Opening URL **********
2026-01-30 14:11:20,220 [main] INFO nopCommerce - ********** Launching Browser **********
2026-01-30 14:11:20,269 [main] INFO nopCommerce - ********** Opening URL **********
2026-01-30 14:12:18,371 [main] INFO nopCommerce - ********** Launching Browser **********
2026-01-30 14:12:18,420 [main] INFO nopCommerce - ********** Opening URL **********
2026-01-30 14:13:45,325 [main] INFO nopCommerce - ********** Launching Browser **********
2026-01-30 14:13:45,384 [main] INFO nopCommerce - ********** Opening URL **********
2026-01-30 14:13:51,677 [main] INFO nopCommerce - ********** Entered name and email for registration **********
2026-01-30 14:13:51,722 [main] INFO nopCommerce - ********** Filling Account Information **********
2026-01-30 14:13:53,844 [main] INFO nopCommerce - ********** Selecting Newsletter Checkbox **********
2026-01-30 14:13:53,868 [main] INFO nopCommerce - ********** Selecting Special Offers Checkbox **********
2026-01-30 14:13:53,890 [main] INFO nopCommerce - ********** Filling Address Information **********
2026-01-30 14:13:54,288 [main] INFO nopCommerce - ********** Clicking Create Account Button **********
2026-01-30 14:13:57,020 [main] INFO nopCommerce - ********** Verifying Account Creation Success **********
2026-01-30 14:13:57,047 [main] INFO nopCommerce - ********** Clicking Continue Button **********
2026-01-30 14:14:06,228 [main] INFO nopCommerce - ********** Clicking Proceed To Checkout Button **********
2026-01-30 14:14:07,618 [main] INFO nopCommerce - ********** Verifying Checkout Information **********
2026-01-30 14:14:07,669 [main] INFO nopCommerce - Address Details and Review Order are successfully verified.
2026-01-30 14:14:07,670 [main] INFO nopCommerce - ********** Finalizing Order with Comments **********
2026-01-30 14:14:08,618 [main] INFO nopCommerce - ********** Entering Payment Information **********
2026-01-30 14:14:08,884 [main] INFO nopCommerce - ********** Confirming the Order **********
2026-01-30 14:14:11,681 [main] INFO nopCommerce - ********** Verifying Order Success Message **********
2026-01-30 14:14:11,710 [main] INFO nopCommerce - Order successfully verified!
2026-01-30 14:14:11,714 [main] INFO nopCommerce - ********** Initiating Account Deletion **********
2026-01-30 14:14:12,638 [main] INFO nopCommerce - ********** Verifying Account Deletion and Closing Session **********
2026-01-30 14:15:07,960 [main] INFO nopCommerce - ********** Launching Browser **********
2026-01-30 14:15:08,015 [main] INFO nopCommerce - ********** Opening URL **********
2026-01-30 14:15:16,500 [main] INFO nopCommerce - ********** Clicking Proceed To Checkout Button **********
2026-01-30 14:15:16,516 [main] INFO nopCommerce - ********** Clicking Register/Login button **********
2026-01-30 14:15:18,292 [main] INFO nopCommerce - ********** Entered name and email for registration **********
2026-01-30 14:15:18,339 [main] INFO nopCommerce - ********** Filling Account Information **********
2026-01-30 14:15:20,777 [main] INFO nopCommerce - ********** Selecting Newsletter Checkbox **********
2026-01-30 14:15:20,804 [main] INFO nopCommerce - ********** Selecting Special Offers Checkbox **********
2026-01-30 14:15:20,831 [main] INFO nopCommerce - ********** Filling Address Information **********
2026-01-30 14:15:21,217 [main] INFO nopCommerce - ********** Clicking Create Account Button **********
2026-01-30 14:15:24,087 [main] INFO nopCommerce - ********** Verifying Account Creation Success **********
2026-01-30 14:15:24,113 [main] INFO nopCommerce - ********** Clicking Continue Button **********
2026-01-30 14:15:27,102 [main] INFO nopCommerce - ********** Clicking Proceed To Checkout Button **********
2026-01-30 14:15:27,973 [main] INFO nopCommerce - ********** Verifying Checkout Information **********
2026-01-30 14:15:28,015 [main] INFO nopCommerce - Address Details and Review Order are successfully verified.
2026-01-30 14:15:28,016 [main] INFO nopCommerce - ********** Finalizing Order with Comments **********
2026-01-30 14:15:28,996 [main] INFO nopCommerce - ********** Entering Payment Information **********
2026-01-30 14:15:29,202 [main] INFO nopCommerce - ********** Confirming the Order **********
2026-01-30 14:15:31,926 [main] INFO nopCommerce - ********** Verifying Order Success Message **********
2026-01-30 14:15:31,954 [main] INFO nopCommerce - Order successfully verified!
2026-01-30 14:15:31,957 [main] INFO nopCommerce - ********** Initiating Account Deletion **********
2026-01-30 14:15:33,588 [main] INFO nopCommerce - ********** Verifying Account Deletion and Closing Session **********
2026-01-30 14:15:54,703 [main] INFO nopCommerce - ********** Launching Browser **********
2026-01-30 14:15:54,804 [main] INFO nopCommerce - ********** Opening URL **********
2026-01-30 14:16:06,317 [main] INFO nopCommerce - ********** Clicking Proceed To Checkout Button **********
2026-01-30 14:16:06,368 [main] INFO nopCommerce - ********** Clicking Register/Login button **********
2026-01-30 14:16:07,859 [main] INFO nopCommerce - ********** Entered name and email for registration **********
2026-01-30 14:16:07,900 [main] INFO nopCommerce - ********** Filling Account Information **********
2026-01-30 14:16:10,983 [main] INFO nopCommerce - ********** Selecting Newsletter Checkbox **********
2026-01-30 14:16:11,048 [main] INFO nopCommerce - ********** Selecting Special Offers Checkbox **********
2026-01-30 14:16:11,094 [main] INFO nopCommerce - ********** Filling Address Information **********
2026-01-30 14:16:11,950 [main] INFO nopCommerce - ********** Clicking Create Account Button **********
2026-01-30 14:16:13,929 [main] INFO nopCommerce - ********** Verifying Account Creation Success **********
2026-01-30 14:16:14,088 [main] INFO nopCommerce - ********** Clicking Continue Button **********
2026-01-30 14:16:17,657 [main] INFO nopCommerce - ********** Clicking Proceed To Checkout Button **********
2026-01-30 14:16:18,597 [main] INFO nopCommerce - ********** Verifying Checkout Information **********
2026-01-30 14:16:18,639 [main] INFO nopCommerce - Address Details and Review Order are successfully verified.
2026-01-30 14:16:18,639 [main] INFO nopCommerce - ********** Finalizing Order with Comments **********
2026-01-30 14:16:20,189 [main] INFO nopCommerce - ********** Entering Payment Information **********
2026-01-30 14:16:20,714 [main] INFO nopCommerce - ********** Confirming the Order **********
2026-01-30 14:16:22,936 [main] INFO nopCommerce - ********** Verifying Order Success Message **********
2026-01-30 14:16:22,959 [main] INFO nopCommerce - Order successfully verified!
2026-01-30 14:16:22,962 [main] INFO nopCommerce - ********** Initiating Account Deletion **********
2026-01-30 14:16:23,811 [main] INFO nopCommerce - ********** Verifying Account Deletion and Closing Session **********
2026-01-30 14:20:10,063 [main] INFO nopCommerce - ********** Launching Browser **********
2026-01-30 14:20:10,147 [main] INFO nopCommerce - ********** Opening URL **********
2026-01-30 14:33:34,967 [main] INFO nopCommerce - ********** Launching Browser **********
2026-01-30 14:33:35,047 [main] INFO nopCommerce - ********** Opening URL **********
2026-01-30 14:33:57,891 [main] INFO nopCommerce - ********** Clicking Proceed To Checkout Button **********
2026-01-30 14:33:58,018 [main] INFO nopCommerce - ********** Clicking Register/Login button **********
2026-01-30 14:34:03,810 [main] INFO nopCommerce - ********** Entered name and email for registration **********
2026-01-30 14:34:06,752 [main] INFO nopCommerce - ********** Filling Account Information **********
2026-01-30 14:34:09,209 [main] INFO nopCommerce - ********** Selecting Newsletter Checkbox **********
2026-01-30 14:34:09,280 [main] INFO nopCommerce - ********** Selecting Special Offers Checkbox **********
2026-01-30 14:34:09,360 [main] INFO nopCommerce - ********** Filling Address Information **********
2026-01-30 14:34:11,393 [main] INFO nopCommerce - ********** Clicking Create Account Button **********
2026-01-30 14:34:13,741 [main] INFO nopCommerce - ********** Verifying Account Creation Success **********
2026-01-30 14:34:13,807 [main] INFO nopCommerce - ********** Clicking Continue Button **********
2026-01-30 14:34:18,757 [main] INFO nopCommerce - ********** Clicking Proceed To Checkout Button **********
2026-01-30 14:34:21,716 [main] INFO nopCommerce - ********** Verifying Checkout Information **********
2026-01-30 14:34:21,957 [main] INFO nopCommerce - Address Details and Review Order are successfully verified.
2026-01-30 14:34:21,959 [main] INFO nopCommerce - ********** Finalizing Order with Comments **********
2026-01-30 14:34:23,808 [main] INFO nopCommerce - ********** Entering Payment Information **********
2026-01-30 14:34:24,072 [main] INFO nopCommerce - ********** Confirming the Order **********
2026-01-30 14:34:26,400 [main] INFO nopCommerce - ********** Verifying Order Success Message **********
2026-01-30 14:34:26,997 [main] INFO nopCommerce - Order successfully verified!
2026-01-30 14:34:27,009 [main] INFO nopCommerce - ********** Initiating Account Deletion **********
2026-01-30 14:34:28,048 [main] INFO nopCommerce - ********** Verifying Account Deletion and Closing Session **********
2026-01-30 14:37:44,545 [main] INFO nopCommerce - ********** Launching Browser **********
2026-01-30 14:37:44,603 [main] INFO nopCommerce - ********** Opening URL **********
2026-01-30 14:37:57,209 [main] INFO nopCommerce - ********** Verifying Review Section Visibility **********
2026-01-30 14:39:03,193 [main] INFO nopCommerce - ********** Launching Browser **********
2026-01-30 14:39:03,250 [main] INFO nopCommerce - ********** Opening URL **********
2026-01-30 14:39:14,398 [main] INFO nopCommerce - ********** Verifying Review Section Visibility **********
2026-01-30 14:39:14,458 [main] INFO nopCommerce - Successfully verified 'Write Your Review' section.
2026-01-30 14:39:14,459 [main] INFO nopCommerce - ********** Filling out the Product Review form **********
2026-01-30 14:39:14,977 [main] INFO nopCommerce - ********** Clicked Review Submit Button **********
2026-01-30 14:41:18,906 [main] INFO nopCommerce - ********** Launching Browser **********
2026-01-30 14:41:18,956 [main] INFO nopCommerce - ********** Opening URL **********
2026-01-30 14:41:30,006 [main] INFO nopCommerce - ********** Verifying Review Section Visibility **********
2026-01-30 14:41:42,942 [main] INFO nopCommerce - ********** Launching Browser **********
2026-01-30 14:41:42,993 [main] INFO nopCommerce - ********** Opening URL **********
2026-01-30 14:41:51,590 [main] INFO nopCommerce - ********** Verifying Review Section Visibility **********
2026-01-30 14:41:51,637 [main] INFO nopCommerce - Successfully verified 'Write Your Review' section.
2026-01-30 14:41:51,637 [main] INFO nopCommerce - ********** Filling out the Product Review form **********
2026-01-30 14:41:51,871 [main] INFO nopCommerce - ********** Clicked Review Submit Button **********
2026-01-30 14:43:29,832 [main] INFO nopCommerce - ********** Launching Browser **********
2026-01-30 14:43:51,301 [main] INFO nopCommerce - ********** Launching Browser **********
2026-01-30 14:44:02,504 [main] INFO nopCommerce - ********** Launching Browser **********
2026-01-30 14:44:02,554 [main] INFO nopCommerce - ********** Opening URL **********
2026-01-30 14:44:14,489 [main] INFO nopCommerce - ********** Verifying Review Section Visibility **********
2026-01-30 14:44:14,537 [main] INFO nopCommerce - Successfully verified 'Write Your Review' section.
2026-01-30 14:44:14,538 [main] INFO nopCommerce - ********** Filling out the Product Review form **********
2026-01-30 14:44:14,922 [main] INFO nopCommerce - ********** Clicked Review Submit Button **********
2026-01-30 14:44:14,925 [main] INFO nopCommerce - ********** Verifying Review Success Message **********
2026-01-30 14:44:15,042 [main] INFO nopCommerce - Expected: Thank you for your review.
2026-01-30 14:44:15,043 [main] INFO nopCommerce - Actual: Thank you for your review.
2026-01-30 14:45:36,007 [main] INFO nopCommerce - ********** Launching Browser **********
2026-01-30 14:45:36,065 [main] INFO nopCommerce - ********** Opening URL **********
2026-01-30 14:46:22,949 [main] INFO nopCommerce - ********** Launching Browser **********
2026-01-30 14:46:23,008 [main] INFO nopCommerce - ********** Opening URL **********
2026-01-30 14:47:30,202 [main] INFO nopCommerce - ********** Launching Browser **********
2026-01-30 14:47:30,247 [main] INFO nopCommerce - ********** Opening URL **********
2026-01-30 14:47:40,640 [main] INFO nopCommerce - ********** Clicking Proceed To Checkout Button **********
2026-01-30 14:47:40,666 [main] INFO nopCommerce - ********** Clicking Register/Login button **********
2026-01-30 14:47:41,758 [main] INFO nopCommerce - ********** Entered name and email for registration **********
2026-01-30 14:47:41,808 [main] INFO nopCommerce - ********** Filling Account Information **********
2026-01-30 14:47:43,847 [main] INFO nopCommerce - ********** Selecting Newsletter Checkbox **********
2026-01-30 14:47:43,874 [main] INFO nopCommerce - ********** Selecting Special Offers Checkbox **********
2026-01-30 14:47:43,897 [main] INFO nopCommerce - ********** Filling Address Information **********
2026-01-30 14:47:44,320 [main] INFO nopCommerce - ********** Clicking Create Account Button **********
2026-01-30 14:47:46,638 [main] INFO nopCommerce - ********** Verifying Account Creation Success **********
2026-01-30 14:47:46,664 [main] INFO nopCommerce - ********** Clicking Continue Button **********
2026-01-30 14:47:50,379 [main] INFO nopCommerce - ********** Clicking Proceed To Checkout Button **********
2026-01-30 14:47:52,093 [main] INFO nopCommerce - ********** Verifying Checkout Information **********
2026-01-30 14:47:52,136 [main] INFO nopCommerce - Address Details and Review Order are successfully verified.
2026-01-30 14:47:52,137 [main] INFO nopCommerce - ********** Finalizing Order with Comments **********
2026-01-30 14:47:53,741 [main] INFO nopCommerce - ********** Entering Payment Information **********
2026-01-30 14:47:53,933 [main] INFO nopCommerce - ********** Confirming the Order **********
2026-01-30 14:47:56,357 [main] INFO nopCommerce - ********** Verifying Order Success Message **********
2026-01-30 14:47:56,379 [main] INFO nopCommerce - Order successfully verified!
2026-01-30 14:47:56,382 [main] INFO nopCommerce - ********** Initiating Account Deletion **********
2026-01-30 14:47:57,641 [main] INFO nopCommerce - ********** Verifying Account Deletion and Closing Session **********
2026-01-30 15:00:29,609 [main] INFO nopCommerce - ********** Launching Browser **********
2026-01-30 15:00:29,654 [main] INFO nopCommerce - ********** Opening URL **********
2026-01-30 15:00:35,562 [main] INFO nopCommerce - ********** Entered name and email for registration **********
2026-01-30 15:00:36,892 [main] INFO nopCommerce - ********** Filling Account Information **********
2026-01-30 15:00:37,658 [main] INFO nopCommerce - ********** Selecting Newsletter Checkbox **********
2026-01-30 15:00:37,683 [main] INFO nopCommerce - ********** Selecting Special Offers Checkbox **********
2026-01-30 15:00:37,713 [main] INFO nopCommerce - ********** Filling Address Information **********
2026-01-30 15:00:38,164 [main] INFO nopCommerce - ********** Clicking Create Account Button **********
2026-01-30 15:00:39,777 [main] INFO nopCommerce - ********** Verifying Account Creation Success **********
2026-01-30 15:00:39,805 [main] INFO nopCommerce - ********** Clicking Continue Button **********
2026-01-30 15:00:48,368 [main] INFO nopCommerce - ********** Clicking Proceed To Checkout Button **********
2026-01-30 15:00:49,652 [main] INFO nopCommerce - ********** Verifying Delivery Address **********
2026-01-30 15:02:03,016 [main] INFO nopCommerce - ********** Launching Browser **********
2026-01-30 15:02:03,074 [main] INFO nopCommerce - ********** Opening URL **********
2026-01-30 15:02:10,471 [main] INFO nopCommerce - ********** Entered name and email for registration **********
2026-01-30 15:02:10,547 [main] INFO nopCommerce - ********** Filling Account Information **********
2026-01-30 15:02:12,792 [main] INFO nopCommerce - ********** Selecting Newsletter Checkbox **********
2026-01-30 15:02:12,834 [main] INFO nopCommerce - ********** Selecting Special Offers Checkbox **********
2026-01-30 15:02:12,863 [main] INFO nopCommerce - ********** Filling Address Information **********
2026-01-30 15:02:13,462 [main] INFO nopCommerce - ********** Clicking Create Account Button **********
2026-01-30 15:02:15,629 [main] INFO nopCommerce - ********** Verifying Account Creation Success **********
2026-01-30 15:02:15,687 [main] INFO nopCommerce - ********** Clicking Continue Button **********
2026-01-30 15:02:25,078 [main] INFO nopCommerce - ********** Clicking Proceed To Checkout Button **********
2026-01-30 15:02:26,263 [main] INFO nopCommerce - ********** Verifying Delivery Address **********
2026-01-30 15:04:18,707 [main] INFO nopCommerce - ********** Launching Browser **********
2026-01-30 15:04:18,756 [main] INFO nopCommerce - ********** Opening URL **********
2026-01-30 15:04:25,027 [main] INFO nopCommerce - ********** Entered name and email for registration **********
2026-01-30 15:04:26,910 [main] INFO nopCommerce - ********** Filling Account Information **********
2026-01-30 15:04:27,377 [main] INFO nopCommerce - ********** Selecting Newsletter Checkbox **********
2026-01-30 15:04:27,399 [main] INFO nopCommerce - ********** Selecting Special Offers Checkbox **********
2026-01-30 15:04:27,419 [main] INFO nopCommerce - ********** Filling Address Information **********
2026-01-30 15:04:27,812 [main] INFO nopCommerce - ********** Clicking Create Account Button **********
2026-01-30 15:04:29,643 [main] INFO nopCommerce - ********** Verifying Account Creation Success **********
2026-01-30 15:04:29,671 [main] INFO nopCommerce - ********** Clicking Continue Button **********
2026-01-30 15:04:38,935 [main] INFO nopCommerce - ********** Clicking Proceed To Checkout Button **********
2026-01-30 15:04:40,548 [main] INFO nopCommerce - ********** Verifying Delivery Address **********
2026-01-30 15:05:36,825 [main] INFO nopCommerce - ********** Launching Browser **********
2026-01-30 15:05:36,872 [main] INFO nopCommerce - ********** Opening URL **********
2026-01-30 15:06:18,355 [main] INFO nopCommerce - ********** Launching Browser **********
2026-01-30 15:06:18,402 [main] INFO nopCommerce - ********** Opening URL **********
2026-01-30 15:06:48,249 [main] INFO nopCommerce - ********** Launching Browser **********
2026-01-30 15:06:48,294 [main] INFO nopCommerce - ********** Opening URL **********
2026-01-30 15:06:54,793 [main] INFO nopCommerce - ********** Entered name and email for registration **********
2026-01-30 15:06:54,867 [main] INFO nopCommerce - ********** Filling Account Information **********
2026-01-30 15:06:57,900 [main] INFO nopCommerce - ********** Selecting Newsletter Checkbox **********
2026-01-30 15:06:57,924 [main] INFO nopCommerce - ********** Selecting Special Offers Checkbox **********
2026-01-30 15:06:57,944 [main] INFO nopCommerce - ********** Filling Address Information **********
2026-01-30 15:06:58,490 [main] INFO nopCommerce - ********** Clicking Create Account Button **********
2026-01-30 15:07:00,612 [main] INFO nopCommerce - ********** Verifying Account Creation Success **********
2026-01-30 15:07:00,646 [main] INFO nopCommerce - ********** Clicking Continue Button **********
2026-01-30 15:07:10,181 [main] INFO nopCommerce - ********** Clicking Proceed To Checkout Button **********
2026-01-30 15:07:11,458 [main] INFO nopCommerce - ********** Verifying Delivery Address **********
2026-01-30 15:07:21,763 [main] ERROR nopCommerce - CRITICAL: Address element is missing from the DOM!
2026-01-30 15:09:11,752 [main] INFO nopCommerce - ********** Launching Browser **********
2026-01-30 15:09:11,797 [main] INFO nopCommerce - ********** Opening URL **********
2026-01-30 15:09:17,695 [main] INFO nopCommerce - ********** Entered name and email for registration **********
2026-01-30 15:09:17,742 [main] INFO nopCommerce - ********** Filling Account Information **********
2026-01-30 15:09:19,953 [main] INFO nopCommerce - ********** Selecting Newsletter Checkbox **********
2026-01-30 15:09:19,980 [main] INFO nopCommerce - ********** Selecting Special Offers Checkbox **********
2026-01-30 15:09:20,000 [main] INFO nopCommerce - ********** Filling Address Information **********
2026-01-30 15:09:20,393 [main] INFO nopCommerce - ********** Clicking Create Account Button **********
2026-01-30 15:09:22,433 [main] INFO nopCommerce - ********** Verifying Account Creation Success **********
2026-01-30 15:09:22,455 [main] INFO nopCommerce - ********** Clicking Continue Button **********
2026-01-30 15:09:32,129 [main] INFO nopCommerce - ********** Clicking Proceed To Checkout Button **********
2026-01-30 15:09:33,393 [main] INFO nopCommerce - ********** Verifying Delivery Address **********
2026-01-30 15:11:36,136 [main] INFO nopCommerce - ********** Launching Browser **********
2026-01-30 15:11:36,186 [main] INFO nopCommerce - ********** Opening URL **********
2026-01-30 15:11:42,653 [main] INFO nopCommerce - ********** Entered name and email for registration **********
2026-01-30 15:11:42,694 [main] INFO nopCommerce - ********** Filling Account Information **********
2026-01-30 15:11:44,654 [main] INFO nopCommerce - ********** Selecting Newsletter Checkbox **********
2026-01-30 15:11:44,681 [main] INFO nopCommerce - ********** Selecting Special Offers Checkbox **********
2026-01-30 15:11:44,701 [main] INFO nopCommerce - ********** Filling Address Information **********
2026-01-30 15:11:45,128 [main] INFO nopCommerce - ********** Clicking Create Account Button **********
2026-01-30 15:11:47,522 [main] INFO nopCommerce - ********** Verifying Account Creation Success **********
2026-01-30 15:11:47,545 [main] INFO nopCommerce - ********** Clicking Continue Button **********
2026-01-30 15:11:56,055 [main] INFO nopCommerce - ********** Clicking Proceed To Checkout Button **********
2026-01-30 15:11:57,831 [main] INFO nopCommerce - ********** Verifying Delivery Address **********
2026-01-30 15:11:57,856 [main] INFO nopCommerce - Comparing Actual: [Los Angeles California 90001] with Expected: [Los Angeles California 90001]
2026-01-30 15:14:12,149 [main] INFO nopCommerce - ********** Launching Browser **********
2026-01-30 15:14:12,265 [main] INFO nopCommerce - ********** Opening URL **********
2026-01-30 15:14:18,709 [main] INFO nopCommerce - ********** Entered name and email for registration **********
2026-01-30 15:14:18,749 [main] INFO nopCommerce - ********** Filling Account Information **********
2026-01-30 15:14:21,305 [main] INFO nopCommerce - ********** Selecting Newsletter Checkbox **********
2026-01-30 15:14:21,343 [main] INFO nopCommerce - ********** Selecting Special Offers Checkbox **********
2026-01-30 15:14:21,382 [main] INFO nopCommerce - ********** Filling Address Information **********
2026-01-30 15:14:22,094 [main] INFO nopCommerce - ********** Clicking Create Account Button **********
2026-01-30 15:14:24,200 [main] INFO nopCommerce - ********** Verifying Account Creation Success **********
2026-01-30 15:14:24,224 [main] INFO nopCommerce - ********** Clicking Continue Button **********
2026-01-30 15:14:34,795 [main] INFO nopCommerce - ********** Clicking Proceed To Checkout Button **********
2026-01-30 15:14:36,445 [main] INFO nopCommerce - Comparing Cleaned Actual: [Los Angeles California 90001] with Cleaned Expected: [Los Angeles California 90001]
2026-01-30 15:15:50,281 [main] INFO nopCommerce - ********** Launching Browser **********
2026-01-30 15:15:50,334 [main] INFO nopCommerce - ********** Opening URL **********
2026-01-30 15:15:56,834 [main] INFO nopCommerce - ********** Entered name and email for registration **********
2026-01-30 15:15:56,871 [main] INFO nopCommerce - ********** Filling Account Information **********
2026-01-30 15:16:00,181 [main] INFO nopCommerce - ********** Selecting Newsletter Checkbox **********
2026-01-30 15:16:00,203 [main] INFO nopCommerce - ********** Selecting Special Offers Checkbox **********
2026-01-30 15:16:00,224 [main] INFO nopCommerce - ********** Filling Address Information **********
2026-01-30 15:16:00,657 [main] INFO nopCommerce - ********** Clicking Create Account Button **********
2026-01-30 15:16:02,738 [main] INFO nopCommerce - ********** Verifying Account Creation Success **********
2026-01-30 15:16:02,770 [main] INFO nopCommerce - ********** Clicking Continue Button **********
2026-01-30 15:16:12,548 [main] INFO nopCommerce - ********** Clicking Proceed To Checkout Button **********
2026-01-30 15:16:14,294 [main] INFO nopCommerce - Comparing Final Cleaned Actual: [Los Angeles California 90001] with Cleaned Expected: [Los Angeles California 90001]
2026-01-30 15:17:45,120 [main] INFO nopCommerce - ********** Launching Browser **********
2026-01-30 15:17:45,175 [main] INFO nopCommerce - ********** Opening URL **********
2026-01-30 15:17:52,053 [main] INFO nopCommerce - ********** Entered name and email for registration **********
2026-01-30 15:17:52,096 [main] INFO nopCommerce - ********** Filling Account Information **********
2026-01-30 15:17:54,633 [main] INFO nopCommerce - ********** Selecting Newsletter Checkbox **********
2026-01-30 15:17:54,658 [main] INFO nopCommerce - ********** Selecting Special Offers Checkbox **********
2026-01-30 15:17:54,692 [main] INFO nopCommerce - ********** Filling Address Information **********
2026-01-30 15:17:55,148 [main] INFO nopCommerce - ********** Clicking Create Account Button **********
2026-01-30 15:17:56,753 [main] INFO nopCommerce - ********** Verifying Account Creation Success **********
2026-01-30 15:17:56,779 [main] INFO nopCommerce - ********** Clicking Continue Button **********
2026-01-30 15:18:06,169 [main] INFO nopCommerce - ********** Clicking Proceed To Checkout Button **********
2026-01-30 15:18:07,682 [main] INFO nopCommerce - Comparing Final Cleaned Actual: [Los Angeles California 90001] with Cleaned Expected: [Los Angeles California 90001]
2026-01-30 15:18:07,683 [main] INFO nopCommerce - ********** Verifying Billing Address **********
2026-01-30 15:20:32,614 [main] INFO nopCommerce - ********** Launching Browser **********
2026-01-30 15:20:32,660 [main] INFO nopCommerce - ********** Opening URL **********
2026-01-30 15:20:39,774 [main] INFO nopCommerce - ********** Entered name and email for registration **********
2026-01-30 15:20:39,816 [main] INFO nopCommerce - ********** Filling Account Information **********
2026-01-30 15:20:42,053 [main] INFO nopCommerce - ********** Selecting Newsletter Checkbox **********
2026-01-30 15:20:42,073 [main] INFO nopCommerce - ********** Selecting Special Offers Checkbox **********
2026-01-30 15:20:42,095 [main] INFO nopCommerce - ********** Filling Address Information **********
2026-01-30 15:20:42,480 [main] INFO nopCommerce - ********** Clicking Create Account Button **********
2026-01-30 15:20:45,461 [main] INFO nopCommerce - ********** Verifying Account Creation Success **********
2026-01-30 15:20:45,490 [main] INFO nopCommerce - ********** Clicking Continue Button **********
2026-01-30 15:20:51,959 [main] INFO nopCommerce - ********** Clicking Proceed To Checkout Button **********
2026-01-30 15:20:53,592 [main] INFO nopCommerce - Comparing Final Cleaned Actual: [Los Angeles California 90001] with Cleaned Expected: [Los Angeles California 90001]
2026-01-30 15:20:53,593 [main] INFO nopCommerce - ********** Verifying Billing Address **********
2026-01-30 15:20:53,621 [main] INFO nopCommerce - Actual Billing Address on Page: Tech Corp
2026-01-30 15:22:17,273 [main] INFO nopCommerce - ********** Launching Browser **********
2026-01-30 15:22:17,322 [main] INFO nopCommerce - ********** Opening URL **********
2026-01-30 15:22:24,106 [main] INFO nopCommerce - ********** Entered name and email for registration **********
2026-01-30 15:22:25,673 [main] INFO nopCommerce - ********** Filling Account Information **********
2026-01-30 15:22:26,228 [main] INFO nopCommerce - ********** Selecting Newsletter Checkbox **********
2026-01-30 15:22:26,249 [main] INFO nopCommerce - ********** Selecting Special Offers Checkbox **********
2026-01-30 15:22:26,268 [main] INFO nopCommerce - ********** Filling Address Information **********
2026-01-30 15:22:26,647 [main] INFO nopCommerce - ********** Clicking Create Account Button **********
2026-01-30 15:22:28,166 [main] INFO nopCommerce - ********** Verifying Account Creation Success **********
2026-01-30 15:22:28,188 [main] INFO nopCommerce - ********** Clicking Continue Button **********
2026-01-30 15:22:38,413 [main] INFO nopCommerce - ********** Clicking Proceed To Checkout Button **********
2026-01-30 15:22:39,771 [main] INFO nopCommerce - Comparing Final Cleaned Actual: [Los Angeles California 90001] with Cleaned Expected: [Los Angeles California 90001]
2026-01-30 15:22:39,772 [main] INFO nopCommerce - ********** Verifying Billing Address **********
2026-01-30 15:22:39,795 [main] INFO nopCommerce - Comparing Actual: [Los Angeles California 90001] with Expected: [Los Angeles California 90001]
2026-01-30 15:22:39,796 [main] INFO nopCommerce - ********** Initiating Account Deletion **********
2026-01-30 15:22:40,794 [main] INFO nopCommerce - ********** Verifying Account Deletion and Closing Session **********
2026-01-30 15:23:03,759 [main] INFO nopCommerce - ********** Launching Browser **********
2026-01-30 15:23:03,804 [main] INFO nopCommerce - ********** Opening URL **********
2026-01-30 15:41:32,717 [main] INFO nopCommerce - ********** Launching Browser **********
2026-01-30 15:41:32,778 [main] INFO nopCommerce - ********** Opening URL **********
2026-01-30 15:41:44,080 [main] INFO nopCommerce - ********** Clicking Proceed To Checkout Button **********
2026-01-30 15:41:44,095 [main] INFO nopCommerce - ********** Clicking Register/Login button **********
2026-01-30 15:41:45,678 [main] INFO nopCommerce - ********** Entered name and email for registration **********
2026-01-30 15:41:45,720 [main] INFO nopCommerce - ********** Filling Account Information **********
2026-01-30 15:41:47,379 [main] INFO nopCommerce - ********** Selecting Newsletter Checkbox **********
2026-01-30 15:41:47,409 [main] INFO nopCommerce - ********** Selecting Special Offers Checkbox **********
2026-01-30 15:41:47,434 [main] INFO nopCommerce - ********** Filling Address Information **********
2026-01-30 15:41:47,821 [main] INFO nopCommerce - ********** Clicking Create Account Button **********
2026-01-30 15:41:49,692 [main] INFO nopCommerce - ********** Verifying Account Creation Success **********
2026-01-30 15:41:49,720 [main] INFO nopCommerce - ********** Clicking Continue Button **********
2026-01-30 15:41:52,962 [main] INFO nopCommerce - ********** Clicking Proceed To Checkout Button **********
2026-01-30 15:41:54,346 [main] INFO nopCommerce - ********** Verifying Checkout Information **********
2026-01-30 15:41:54,392 [main] INFO nopCommerce - Address Details and Review Order are successfully verified.
2026-01-30 15:41:54,392 [main] INFO nopCommerce - ********** Finalizing Order with Comments **********
2026-01-30 15:41:55,727 [main] INFO nopCommerce - ********** Entering Payment Information **********
2026-01-30 15:41:56,016 [main] INFO nopCommerce - ********** Confirming the Order **********
2026-01-30 15:41:58,785 [main] INFO nopCommerce - ********** Verifying Order Success Message **********
2026-01-30 15:41:58,809 [main] INFO nopCommerce - Order successfully verified!
2026-01-30 15:41:58,812 [main] INFO nopCommerce - ********** Downloading and Verifying Invoice **********
2026-01-30 15:42:02,294 [main] INFO nopCommerce - Invoice downloaded successfully: /Users/sankalp/Downloads/invoice.txt
2026-01-30 15:42:02,346 [main] INFO nopCommerce - ********** Clicking Continue Button **********
2026-01-30 15:42:03,918 [main] INFO nopCommerce - Successfully clicked Continue and cleared potential ads.
2026-01-30 15:42:03,919 [main] INFO nopCommerce - ********** Initiating Account Deletion **********
2026-01-30 15:42:05,026 [main] INFO nopCommerce - ********** Verifying Account Deletion and Closing Session **********
2026-01-30 15:46:17,425 [main] INFO nopCommerce - ********** Launching Browser **********
2026-01-30 15:46:17,475 [main] INFO nopCommerce - ********** Opening URL **********
2026-01-30 15:51:36,576 [main] INFO nopCommerce - ********** Launching Browser **********
2026-01-30 15:51:36,656 [main] INFO nopCommerce - ********** Opening URL **********
2026-01-30 15:51:45,397 [main] INFO nopCommerce - ********** Searching for a product **********
2026-01-30 15:53:58,274 [main] INFO nopCommerce - ********** Launching Browser **********
2026-01-30 15:53:58,329 [main] INFO nopCommerce - ********** Opening URL **********
2026-01-30 15:54:07,011 [main] INFO nopCommerce - ********** Searching for a product **********
2026-01-30 15:58:30,399 [main] INFO nopCommerce - ********** Launching Browser **********
2026-01-30 15:58:30,464 [main] INFO nopCommerce - ********** Opening URL **********
2026-01-30 15:58:39,315 [main] INFO nopCommerce - ********** Starting Product Search **********
2026-01-30 15:58:58,739 [main] WARN nopCommerce - Search bar not visible. Retrying ad handling...
2026-01-30 16:00:38,966 [main] INFO nopCommerce - ********** Launching Browser **********
2026-01-30 16:00:39,023 [main] INFO nopCommerce - ********** Opening URL **********
2026-01-30 16:05:05,335 [main] INFO nopCommerce - ********** Launching Browser **********
2026-01-30 16:05:05,416 [main] INFO nopCommerce - ********** Opening URL **********
2026-01-30 16:05:25,505 [main] INFO nopCommerce - ********** Verifying Navigation to All Products Page **********
2026-01-30 18:36:31,730 [main] INFO nopCommerce - ********** Launching Browser **********
2026-01-30 18:40:36,893 [main] INFO nopCommerce - ********** Launching Browser **********
2026-01-30 18:42:18,756 [main] INFO nopCommerce - ********** Launching Browser **********
2026-01-30 18:42:53,222 [main] INFO nopCommerce - ********** Launching Browser **********
2026-01-30 19:37:21,817 [main] INFO nopCommerce - ********** Launching Browser **********
2026-01-30 19:42:52,667 [main] INFO nopCommerce - ********** Launching Browser **********
2026-01-30 19:46:52,840 [main] INFO nopCommerce - ********** Launching Browser **********
2026-01-30 19:47:45,215 [main] INFO nopCommerce - ********** Launching Browser **********
2026-01-30 19:48:58,073 [main] INFO nopCommerce - ********** Launching Browser **********
2026-01-30 19:50:17,563 [main] INFO nopCommerce - ********** Launching Browser **********
2026-01-30 19:59:16,461 [main] INFO nopCommerce - ********** Launching Browser **********
2026-01-30 19:59:35,493 [main] INFO nopCommerce - ********** Launching Browser **********
2026-01-30 19:59:38,915 [main] INFO nopCommerce - ********** Opening URL **********
2026-01-30 20:02:04,176 [main] INFO nopCommerce - ********** Launching Browser **********
2026-01-30 20:02:05,598 [main] INFO nopCommerce - ********** Opening URL **********
2026-01-30 20:03:00,751 [main] INFO nopCommerce - ********** Closing Browse r**********
2026-01-30 20:06:46,808 [main] INFO nopCommerce - ********** Launching Browser **********
2026-01-30 20:06:48,143 [main] INFO nopCommerce - ********** Opening URL **********
2026-01-30 20:07:36,479 [main] INFO nopCommerce - ********** Closing Browse r**********
2026-01-30 20:09:00,946 [main] INFO nopCommerce - ********** Launching Browser **********
2026-01-30 20:09:02,276 [main] INFO nopCommerce - ********** Opening URL **********
2026-01-30 20:10:22,948 [main] INFO nopCommerce - ********** Launching Browser **********
2026-01-30 20:10:25,144 [main] INFO nopCommerce - ********** Opening URL **********
2026-01-30 20:15:00,353 [main] INFO nopCommerce - ********** Launching Browser **********
2026-01-30 20:15:02,263 [main] INFO nopCommerce - ********** Opening URL **********
2026-01-30 20:19:21,984 [main] INFO nopCommerce - ********** Launching Browser **********
2026-01-30 20:19:24,514 [main] INFO nopCommerce - ********** Opening URL **********
2026-01-30 20:22:50,615 [main] INFO nopCommerce - ********** Launching Browser **********
2026-01-30 20:22:52,962 [main] INFO nopCommerce - ********** Opening URL **********
2026-01-30 20:22:57,322 [main] INFO nopCommerce - ********** Closing Browse r**********
2026-01-30 20:31:31,110 [main] INFO nopCommerce - ********** Launching Browser **********
2026-01-30 20:34:25,017 [main] INFO nopCommerce - ********** Launching Browser **********
2026-01-30 20:34:27,243 [main] INFO nopCommerce - ********** Opening URL **********
2026-01-30 20:39:35,712 [main] INFO nopCommerce - ********** Launching Browser **********
2026-01-30 20:39:38,224 [main] INFO nopCommerce - ********** Opening URL **********
2026-01-30 20:41:00,187 [main] INFO nopCommerce - ********** Launching Browser **********
2026-01-30 20:41:02,847 [main] INFO nopCommerce - ********** Opening URL **********
2026-01-30 20:41:25,446 [main] INFO nopCommerce - ********** Verifying Review Section Visibility **********
2026-01-30 20:41:25,489 [main] INFO nopCommerce - Successfully verified 'Write Your Review' section.
2026-01-30 20:41:25,503 [main] INFO nopCommerce - ********** Filling out the Product Review form **********
2026-01-30 20:41:25,727 [main] INFO nopCommerce - ********** Clicked Review Submit Button **********
2026-01-30 20:41:25,728 [main] INFO nopCommerce - ********** Verifying Review Success Message **********
2026-01-30 20:41:25,771 [main] INFO nopCommerce - Expected: Thank you for your review.
2026-01-30 20:41:25,771 [main] INFO nopCommerce - Actual: Thank you for your review.
2026-01-30 20:41:32,087 [main] INFO nopCommerce - ********** Launching Browser **********
2026-01-30 20:41:34,637 [main] INFO nopCommerce - ********** Opening URL **********
2026-01-30 20:44:42,228 [main] INFO nopCommerce - ********** Launching Browser **********
2026-01-30 20:44:44,575 [main] INFO nopCommerce - ********** Opening URL **********
2026-01-30 20:45:33,979 [main] INFO nopCommerce - ********** Verifying Brands Sidebar after navigating to Products **********
2026-01-30 20:45:45,432 [main] INFO nopCommerce - ********** Launching Browser **********
2026-01-30 20:45:45,435 [main] INFO nopCommerce - ********** Opening URL **********
2026-01-30 20:50:50,207 [main] INFO nopCommerce - ********** Launching Browser **********
2026-01-30 20:50:51,535 [main] INFO nopCommerce - ********** Opening URL **********
2026-01-30 20:54:07,195 [main] INFO nopCommerce - ********** Launching Browser **********
2026-01-30 20:54:08,608 [main] INFO nopCommerce - ********** Opening URL **********
2026-01-30 20:54:27,675 [main] INFO nopCommerce - ********** Launching Browser **********
2026-01-30 20:54:27,677 [main] INFO nopCommerce - ********** Opening URL **********
2026-01-30 20:55:22,656 [main] INFO nopCommerce - ********** Launching Browser **********
2026-01-30 20:55:22,707 [main] INFO nopCommerce - ********** Launching Browser **********
2026-01-30 20:55:24,822 [main] INFO nopCommerce - ********** Opening URL **********
2026-01-30 20:55:24,882 [main] INFO nopCommerce - ********** Opening URL **********
2026-01-30 20:58:50,122 [main] INFO nopCommerce - ********** Launching Browser **********
2026-01-30 20:58:50,132 [main] INFO nopCommerce - ********** Opening URL **********
2026-01-30 21:08:22,701 [main] INFO nopCommerce - ********** Launching Browser **********
2026-01-30 21:08:22,720 [main] INFO nopCommerce - ********** Opening URL **********
2026-01-30 21:09:07,938 [main] INFO nopCommerce - ********** Verifying Review Section Visibility **********
2026-01-30 21:09:07,980 [main] INFO nopCommerce - Successfully verified 'Write Your Review' section.
2026-01-30 21:09:07,980 [main] INFO nopCommerce - ********** Filling out the Product Review form **********
2026-01-30 21:09:08,194 [main] INFO nopCommerce - ********** Clicked Review Submit Button **********
2026-01-30 21:09:08,194 [main] INFO nopCommerce - ********** Verifying Review Success Message **********
2026-01-30 21:09:08,248 [main] INFO nopCommerce - Expected: Thank you for your review.
2026-01-30 21:09:08,248 [main] INFO nopCommerce - Actual: Thank you for your review.
2026-01-30 21:09:14,440 [main] INFO nopCommerce - ********** Launching Browser **********
2026-01-30 21:09:14,443 [main] INFO nopCommerce - ********** Opening URL **********
2026-01-30 21:11:10,595 [main] INFO nopCommerce - ********** Launching Browser **********
2026-01-30 21:11:10,604 [main] INFO nopCommerce - ********** Opening URL **********
2026-01-30 21:16:39,301 [main] INFO nopCommerce - ********** Launching Browser **********
2026-01-30 21:16:39,302 [main] INFO nopCommerce - ********** Opening URL **********
2026-01-30 21:24:24,967 [main] INFO nopCommerce - ********** Browser Launched **********
2026-01-30 21:24:25,002 [main] INFO nopCommerce - ********** Browser Already Launched **********
2026-01-30 21:24:25,003 [main] INFO nopCommerce - ********** Opening URL **********
2026-01-30 21:26:21,144 [main] INFO nopCommerce - ********** Verifying Review Section Visibility **********
2026-01-30 21:26:21,190 [main] INFO nopCommerce - Successfully verified 'Write Your Review' section.
2026-01-30 21:26:21,191 [main] INFO nopCommerce - ********** Filling out the Product Review form **********
2026-01-30 21:26:21,795 [main] INFO nopCommerce - ********** Clicked Review Submit Button **********
2026-01-30 21:26:21,795 [main] INFO nopCommerce - ********** Verifying Review Success Message **********
2026-01-30 21:26:21,822 [main] INFO nopCommerce - Expected: Thank you for your review.
2026-01-30 21:26:21,822 [main] INFO nopCommerce - Actual: Thank you for your review.
2026-01-30 21:27:42,415 [main] INFO nopCommerce - ********** Browser Launched **********
2026-01-30 21:27:42,449 [main] INFO nopCommerce - ********** Browser Already Launched **********
2026-01-30 21:27:42,450 [main] INFO nopCommerce - ********** Opening URL **********
2026-01-30 21:31:33,680 [main] INFO nopCommerce - ********** Browser Launched **********
2026-01-30 21:31:33,710 [main] INFO nopCommerce - ********** Browser Already Launched **********
2026-01-30 21:31:33,711 [main] INFO nopCommerce - ********** Opening URL **********
2026-01-30 21:32:35,657 [main] INFO nopCommerce - ********** Browser Launched **********
2026-01-30 21:32:35,686 [main] INFO nopCommerce - ********** Browser Already Launched **********
2026-01-30 21:32:35,686 [main] INFO nopCommerce - ********** Opening URL **********
2026-01-30 21:34:46,489 [main] INFO nopCommerce - ********** Browser Launched **********
2026-01-30 21:34:46,516 [main] INFO nopCommerce - ********** Browser Already Launched **********
2026-01-30 21:34:46,517 [main] INFO nopCommerce - ********** Opening URL **********
2026-01-30 21:36:00,028 [main] INFO nopCommerce - ********** Closing Browse r**********
2026-01-30 21:38:16,563 [main] INFO nopCommerce - ********** Browser Launched **********
2026-01-30 21:38:16,599 [main] INFO nopCommerce - ********** Browser Already Launched **********
2026-01-30 21:38:16,600 [main] INFO nopCommerce - ********** Opening URL **********
2026-01-30 21:38:41,116 [main] INFO nopCommerce - ********** Starting Product Search **********
2026-01-30 21:39:13,041 [main] WARN nopCommerce - Search bar not visible. Retrying ad handling...
2026-01-30 21:44:57,344 [main] INFO nopCommerce - ********** Browser Launched **********
2026-01-30 21:44:57,380 [main] INFO nopCommerce - ********** Browser Already Launched **********
2026-01-30 21:44:57,381 [main] INFO nopCommerce - ********** Opening URL **********
2026-01-30 21:46:15,823 [main] INFO nopCommerce - ********** Starting Product Search **********
2026-01-30 21:47:20,408 [main] WARN nopCommerce - Search bar not visible. Retrying ad handling...
2026-01-30 21:57:00,502 [main] INFO nopCommerce - ********** Browser Launched **********
2026-01-30 21:57:00,549 [main] INFO nopCommerce - ********** Browser Already Launched **********
2026-01-30 21:57:00,550 [main] INFO nopCommerce - ********** Opening URL **********
2026-01-30 21:59:30,548 [main] INFO nopCommerce - ********** Browser Launched **********
2026-01-30 22:00:28,075 [main] INFO nopCommerce - ********** Browser Launched **********
2026-01-30 22:00:28,101 [main] INFO nopCommerce - ********** Browser Already Launched **********
2026-01-30 22:00:28,102 [main] INFO nopCommerce - ********** Opening URL **********
2026-01-30 22:01:01,984 [main] INFO nopCommerce - ********** Clicking Proceed To Checkout Button **********
2026-01-30 22:01:02,002 [main] INFO nopCommerce - ********** Clicking Register/Login button **********
2026-01-30 22:01:04,291 [main] INFO nopCommerce - ********** Entered name and email for registration **********
2026-01-30 22:01:04,329 [main] INFO nopCommerce - ********** Filling Account Information **********
2026-01-30 22:01:06,705 [main] INFO nopCommerce - ********** Selecting Newsletter Checkbox **********
2026-01-30 22:01:06,726 [main] INFO nopCommerce - ********** Selecting Special Offers Checkbox **********
2026-01-30 22:01:06,746 [main] INFO nopCommerce - ********** Filling Address Information **********
2026-01-30 22:01:07,130 [main] INFO nopCommerce - ********** Clicking Create Account Button **********
2026-01-30 22:01:10,427 [main] INFO nopCommerce - ********** Verifying Account Creation Success **********
2026-01-30 22:01:10,454 [main] INFO nopCommerce - ********** Clicking Continue Button **********
2026-01-30 22:01:26,722 [main] INFO nopCommerce - ********** Clicking Proceed To Checkout Button **********
2026-01-30 22:01:33,628 [main] INFO nopCommerce - ********** Verifying Checkout Information **********
2026-01-30 22:01:33,661 [main] INFO nopCommerce - Address Details and Review Order are successfully verified.
2026-01-30 22:01:33,661 [main] INFO nopCommerce - ********** Finalizing Order with Comments **********
2026-01-30 22:01:36,181 [main] INFO nopCommerce - ********** Entering Payment Information **********
2026-01-30 22:01:36,322 [main] INFO nopCommerce - ********** Confirming the Order **********
2026-01-30 22:01:40,083 [main] INFO nopCommerce - ********** Verifying Order Success Message **********
2026-01-30 22:01:40,105 [main] INFO nopCommerce - Order successfully verified!
2026-01-30 22:01:40,108 [main] INFO nopCommerce - ********** Initiating Account Deletion **********
2026-01-30 22:01:41,569 [main] INFO nopCommerce - ********** Verifying Account Deletion and Closing Session **********
2026-01-30 22:24:07,305 [main] INFO nopCommerce - ********** Browser Launched **********
2026-01-30 22:24:07,349 [main] INFO nopCommerce - ********** Browser Already Launched **********
2026-01-30 22:24:07,351 [main] INFO nopCommerce - ********** Opening URL **********
2026-01-30 22:25:23,786 [main] INFO nopCommerce - ********** Closing Browse r**********
2026-01-30 22:26:05,378 [main] INFO nopCommerce - ********** Browser Launched **********
2026-01-30 22:26:05,412 [main] INFO nopCommerce - ********** Browser Already Launched **********
2026-01-30 22:26:05,413 [main] INFO nopCommerce - ********** Opening URL **********
2026-01-30 22:28:05,202 [main] INFO nopCommerce - ********** Browser Launched **********
2026-01-30 22:28:05,235 [main] INFO nopCommerce - ********** Browser Already Launched **********
2026-01-30 22:28:05,236 [main] INFO nopCommerce - ********** Opening URL **********
2026-01-30 22:28:16,315 [main] INFO nopCommerce - ********** Closing Browse r**********
2026-01-30 22:29:21,524 [main] INFO nopCommerce - ********** Browser Launched **********
2026-01-30 22:29:21,550 [main] INFO nopCommerce - ********** Browser Already Launched **********
2026-01-30 22:29:21,550 [main] INFO nopCommerce - ********** Opening URL **********
2026-01-30 22:29:51,086 [main] INFO nopCommerce - ********** Starting Product Search **********
2026-01-30 22:30:27,174 [main] WARN nopCommerce - Search bar not visible. Retrying ad handling...
2026-01-31 10:44:49,975 [main] INFO nopCommerce - ********** Browser Launched **********
2026-01-31 11:38:17,036 [main] INFO nopCommerce - ********** Browser Launched **********
2026-01-31 11:43:44,128 [main] INFO nopCommerce - ********** Browser Launched **********
2026-01-31 11:46:47,371 [main] INFO nopCommerce - ********** Browser Launched **********
2026-01-31 11:59:43,410 [main] INFO nopCommerce - ********** Browser Launched **********
2026-01-31 12:05:19,312 [main] INFO nopCommerce - ********** Browser Launched **********
2026-01-31 12:08:26,814 [main] INFO nopCommerce - ********** Browser Launched **********
2026-01-31 12:09:51,423 [main] INFO nopCommerce - ********** Browser Launched **********
2026-01-31 12:14:54,173 [main] INFO nopCommerce - ********** Browser Launched **********
2026-01-31 12:15:06,782 [main] INFO nopCommerce - ********** Browser Launched **********
2026-01-31 12:19:13,665 [main] INFO nopCommerce - ********** Browser Launched **********
2026-01-31 12:34:27,236 [main] INFO nopCommerce - ********** Browser Launched **********
2026-01-31 12:34:59,038 [main] INFO nopCommerce - ********** Browser Already Launched **********
2026-01-31 12:34:59,042 [main] INFO nopCommerce - ********** Opening URL **********
2026-01-31 12:35:19,735 [main] INFO nopCommerce - ********** Starting Product Search **********
2026-01-31 12:35:42,074 [main] WARN nopCommerce - Search bar not visible. Retrying ad handling...
2026-01-31 12:46:29,140 [main] INFO nopCommerce - ********** Browser Already Launched **********
2026-01-31 12:46:29,143 [main] INFO nopCommerce - ********** Opening URL **********
2026-01-31 12:46:42,947 [main] INFO nopCommerce - ********** Starting Product Search **********
2026-01-31 12:47:05,505 [main] WARN nopCommerce - Search bar not visible. Retrying ad handling...
2026-01-31 13:18:28,494 [main] INFO nopCommerce - ********** Browser Already Launched **********
2026-01-31 13:18:28,497 [main] INFO nopCommerce - ********** Opening URL **********
2026-01-31 13:18:44,576 [main] INFO nopCommerce - ********** Starting Product Search **********
2026-01-31 13:19:09,648 [main] WARN nopCommerce - Search bar not visible. Retrying ad handling...
2026-01-31 13:21:53,730 [main] INFO nopCommerce - ********** Browser Already Launched **********
2026-01-31 13:21:53,734 [main] INFO nopCommerce - ********** Opening URL **********
2026-01-31 13:22:20,939 [main] INFO nopCommerce - ********** Browser Already Launched **********
2026-01-31 13:22:20,945 [main] INFO nopCommerce - ********** Opening URL **********
2026-01-31 13:23:22,150 [main] INFO nopCommerce - ********** Browser Already Launched **********
2026-01-31 13:23:22,153 [main] INFO nopCommerce - ********** Opening URL **********
2026-01-31 13:23:42,497 [main] INFO nopCommerce - ********** Starting Product Search **********
2026-01-31 13:24:40,570 [main] INFO nopCommerce - ********** Browser Already Launched **********
2026-01-31 13:24:40,574 [main] INFO nopCommerce - ********** Opening URL **********
2026-01-31 13:26:00,147 [main] INFO nopCommerce - ********** Browser Already Launched **********
2026-01-31 13:26:00,150 [main] INFO nopCommerce - ********** Opening URL **********
2026-01-31 13:27:52,575 [main] INFO nopCommerce - ********** Browser Already Launched **********
2026-01-31 13:27:52,578 [main] INFO nopCommerce - ********** Opening URL **********
2026-01-31 14:27:04,602 [main] INFO nopCommerce - ********** Browser Already Launched **********
2026-01-31 14:27:04,606 [main] INFO nopCommerce - ********** Opening URL **********
2026-01-31 14:27:36,801 [main] INFO nopCommerce - ********** Browser Already Launched **********
2026-01-31 14:27:36,803 [main] INFO nopCommerce - ********** Opening URL **********
2026-01-31 14:36:44,518 [main] INFO nopCommerce - ********** Browser Already Launched **********
2026-01-31 14:36:44,522 [main] INFO nopCommerce - ********** Opening URL **********
2026-01-31 14:41:20,775 [main] INFO nopCommerce - ********** Browser Already Launched **********
2026-01-31 14:41:20,777 [main] INFO nopCommerce - ********** Opening URL **********
2026-01-31 14:47:38,364 [main] INFO nopCommerce - ********** Browser Already Launched **********
2026-01-31 14:47:38,367 [main] INFO nopCommerce - ********** Opening URL **********
2026-01-31 14:48:35,491 [main] INFO nopCommerce - ********** Browser Already Launched **********
2026-01-31 14:48:35,496 [main] INFO nopCommerce - ********** Opening URL **********
2026-01-31 15:01:26,600 [main] INFO nopCommerce - ********** Browser Already Launched **********
2026-01-31 15:01:26,603 [main] INFO nopCommerce - ********** Opening URL **********
2026-01-31 16:45:26,242 [main] INFO nopCommerce - ********** Browser Already Launched **********
2026-01-31 16:45:26,246 [main] INFO nopCommerce - ********** Opening URL **********
2026-01-31 17:03:56,150 [main] INFO nopCommerce - ********** Browser Already Launched **********
2026-01-31 17:03:56,153 [main] INFO nopCommerce - ********** Opening URL **********
2026-01-31 17:14:18,149 [main] INFO AutomationExercise - ********** Browser Already Launched **********
2026-01-31 17:14:18,152 [main] INFO AutomationExercise - ********** Opening URL **********
2026-01-31 17:14:38,115 [main] INFO AutomationExercise - ********** Verifying Review Section Visibility **********
2026-01-31 17:14:38,158 [main] INFO AutomationExercise - Successfully verified 'Write Your Review' section.
2026-01-31 17:14:38,159 [main] INFO AutomationExercise - ********** Filling out the Product Review form **********
2026-01-31 17:14:38,468 [main] INFO AutomationExercise - ********** Clicked Review Submit Button **********
2026-01-31 17:14:38,469 [main] INFO AutomationExercise - ********** Verifying Review Success Message **********
2026-01-31 17:14:38,511 [main] INFO AutomationExercise - Expected: Thank you for your review.
2026-01-31 17:14:38,512 [main] INFO AutomationExercise - Actual: Thank you for your review.
2026-01-31 17:14:45,170 [main] INFO AutomationExercise - ********** Browser Already Launched **********
2026-01-31 17:14:45,171 [main] INFO AutomationExercise - ********** Opening URL **********
2026-01-31 17:15:11,586 [main] INFO AutomationExercise - ********** Browser Already Launched **********
2026-01-31 17:15:11,587 [main] INFO AutomationExercise - ********** Opening URL **********
2026-01-31 17:15:25,582 [main] INFO AutomationExercise - ********** Verifying Brands Sidebar after navigating to Products **********
2026-01-31 17:15:30,635 [main] INFO AutomationExercise - Brands sidebar is visible.
2026-01-31 17:15:37,920 [main] INFO AutomationExercise - ********** Clicking on Brand: Polo **********
2026-01-31 17:15:44,620 [main] INFO AutomationExercise - ********** Browser Already Launched **********
2026-01-31 17:15:44,620 [main] INFO AutomationExercise - ********** Opening URL **********
2026-01-31 17:15:53,188 [main] INFO AutomationExercise - ********** Verifying Sidebar Categories **********
2026-01-31 17:15:59,976 [main] INFO AutomationExercise - ********** Browser Already Launched **********
2026-01-31 17:15:59,977 [main] INFO AutomationExercise - ********** Opening URL **********
2026-01-31 17:16:19,885 [main] INFO AutomationExercise - ********** Browser Already Launched **********
2026-01-31 17:16:21,328 [main] INFO AutomationExercise - ********** Browser Already Launched **********
2026-01-31 17:16:22,534 [main] INFO AutomationExercise - ********** Browser Already Launched **********
2026-01-31 17:16:23,923 [main] INFO AutomationExercise - ********** Browser Already Launched **********
2026-01-31 17:16:23,924 [main] INFO AutomationExercise - ********** Opening URL **********
2026-01-31 17:16:49,867 [main] INFO AutomationExercise - ********** Browser Already Launched **********
2026-01-31 17:16:49,868 [main] INFO AutomationExercise - ********** Opening URL **********
2026-01-31 17:17:07,720 [main] INFO AutomationExercise - ********** Browser Already Launched **********
2026-01-31 17:17:08,951 [main] INFO AutomationExercise - ********** Browser Already Launched **********
2026-01-31 17:17:10,268 [main] INFO AutomationExercise - ********** Browser Already Launched **********
2026-01-31 17:17:11,456 [main] INFO AutomationExercise - ********** Browser Already Launched **********
2026-01-31 17:17:11,456 [main] INFO AutomationExercise - ********** Opening URL **********
2026-01-31 17:17:34,968 [main] INFO AutomationExercise - ********** Browser Already Launched **********
2026-01-31 17:17:34,968 [main] INFO AutomationExercise - ********** Opening URL **********
2026-01-31 17:17:54,660 [main] INFO AutomationExercise - ********** Browser Already Launched **********
2026-01-31 17:17:54,660 [main] INFO AutomationExercise - ********** Opening URL **********
2026-01-31 17:18:17,029 [main] INFO AutomationExercise - ********** Browser Already Launched **********
2026-01-31 17:18:17,029 [main] INFO AutomationExercise - ********** Opening URL **********
2026-01-31 17:18:27,287 [main] INFO AutomationExercise - ********** Entered name and email for registration **********
2026-01-31 17:18:27,322 [main] INFO AutomationExercise - ********** Filling Account Information **********
2026-01-31 17:18:31,437 [main] INFO AutomationExercise - ********** Selecting Newsletter Checkbox **********
2026-01-31 17:18:31,457 [main] INFO AutomationExercise - ********** Selecting Special Offers Checkbox **********
2026-01-31 17:18:31,474 [main] INFO AutomationExercise - ********** Filling Address Information **********
2026-01-31 17:18:31,982 [main] INFO AutomationExercise - ********** Clicking Create Account Button **********
2026-01-31 17:18:35,536 [main] INFO AutomationExercise - ********** Verifying Account Creation Success **********
2026-01-31 17:18:35,560 [main] INFO AutomationExercise - ********** Clicking Continue Button **********
2026-01-31 17:18:49,707 [main] INFO AutomationExercise - ********** Initiating Account Deletion **********
2026-01-31 17:18:54,125 [main] INFO AutomationExercise - ********** Verifying Account Deletion and Closing Session **********
2026-01-31 17:19:06,142 [main] INFO AutomationExercise - ********** Browser Already Launched **********
2026-01-31 17:19:06,143 [main] INFO AutomationExercise - ********** Opening URL **********
2026-01-31 17:19:16,287 [main] INFO AutomationExercise - ********** Starting Product Search **********
2026-01-31 17:19:36,220 [main] WARN AutomationExercise - Search bar not visible. Retrying ad handling...
2026-01-31 17:20:11,181 [main] INFO AutomationExercise - ********** Browser Already Launched **********
2026-01-31 17:20:11,182 [main] INFO AutomationExercise - ********** Opening URL **********
2026-01-31 17:20:36,326 [main] INFO AutomationExercise - ********** Browser Already Launched **********
2026-01-31 17:20:36,326 [main] INFO AutomationExercise - ********** Opening URL **********
2026-01-31 17:21:03,656 [main] INFO AutomationExercise - ********** Browser Already Launched **********
2026-01-31 17:21:03,656 [main] INFO AutomationExercise - ********** Opening URL **********
2026-01-31 17:21:32,988 [main] INFO AutomationExercise - ********** Browser Already Launched **********
2026-01-31 17:21:32,988 [main] INFO AutomationExercise - ********** Opening URL **********
2026-01-31 17:21:37,005 [main] INFO AutomationExercise - ********** Browser Already Launched **********
2026-01-31 17:21:37,005 [main] INFO AutomationExercise - ********** Opening URL **********
2026-01-31 17:22:12,686 [main] INFO AutomationExercise - ********** Entered name and email for registration **********
2026-01-31 17:22:17,221 [main] INFO AutomationExercise - ********** Filling Account Information **********
2026-01-31 17:22:17,605 [main] INFO AutomationExercise - ********** Selecting Newsletter Checkbox **********
2026-01-31 17:22:17,627 [main] INFO AutomationExercise - ********** Selecting Special Offers Checkbox **********
2026-01-31 17:22:17,646 [main] INFO AutomationExercise - ********** Filling Address Information **********
2026-01-31 17:22:18,010 [main] INFO AutomationExercise - ********** Clicking Create Account Button **********
2026-01-31 17:22:20,691 [main] INFO AutomationExercise - ********** Verifying Account Creation Success **********
2026-01-31 17:22:20,712 [main] INFO AutomationExercise - ********** Clicking Continue Button **********
2026-01-31 17:22:33,783 [main] INFO AutomationExercise - ********** Browser Already Launched **********
2026-01-31 17:22:33,783 [main] INFO AutomationExercise - ********** Opening URL **********
2026-01-31 17:22:53,483 [main] INFO AutomationExercise - ********** Browser Already Launched **********
2026-01-31 17:22:53,484 [main] INFO AutomationExercise - ********** Opening URL **********
2026-01-31 17:23:10,499 [main] INFO AutomationExercise - ********** Browser Already Launched **********
2026-01-31 17:23:10,499 [main] INFO AutomationExercise - ********** Opening URL **********
2026-01-31 17:23:14,892 [main] INFO AutomationExercise - ********** Browser Already Launched **********
2026-01-31 17:23:14,892 [main] INFO AutomationExercise - ********** Opening URL **********
2026-01-31 17:23:27,313 [main] INFO AutomationExercise - ********** Browser Already Launched **********
2026-01-31 17:23:27,313 [main] INFO AutomationExercise - ********** Opening URL **********
2026-01-31 17:23:39,452 [main] INFO AutomationExercise - ********** Browser Already Launched **********
2026-01-31 17:23:39,452 [main] INFO AutomationExercise - ********** Opening URL **********
2026-01-31 17:23:52,680 [main] INFO AutomationExercise - ********** Browser Already Launched **********
2026-01-31 17:23:52,680 [main] INFO AutomationExercise - ********** Opening URL **********
2026-01-31 17:24:03,226 [main] INFO AutomationExercise - ********** Browser Already Launched **********
2026-01-31 17:24:03,226 [main] INFO AutomationExercise - ********** Opening URL **********
2026-01-31 17:24:07,739 [main] INFO AutomationExercise - ********** Browser Already Launched **********
2026-01-31 17:24:07,739 [main] INFO AutomationExercise - ********** Opening URL **********
2026-01-31 17:24:23,603 [main] INFO AutomationExercise - ********** Entered name and email for registration **********
2026-01-31 17:24:23,643 [main] INFO AutomationExercise - ********** Filling Account Information **********
2026-01-31 17:24:27,134 [main] INFO AutomationExercise - ********** Selecting Newsletter Checkbox **********
2026-01-31 17:24:27,157 [main] INFO AutomationExercise - ********** Selecting Special Offers Checkbox **********
2026-01-31 17:24:27,176 [main] INFO AutomationExercise - ********** Filling Address Information **********
2026-01-31 17:24:27,652 [main] INFO AutomationExercise - ********** Clicking Create Account Button **********
2026-01-31 17:24:29,926 [main] INFO AutomationExercise - ********** Verifying Account Creation Success **********
2026-01-31 17:24:29,947 [main] INFO AutomationExercise - ********** Clicking Continue Button **********
2026-01-31 17:36:46,240 [main] INFO AutomationExercise - ********** Browser Already Launched **********
2026-01-31 17:36:46,246 [main] INFO AutomationExercise - ********** Opening URL **********
2026-01-31 17:37:18,409 [main] INFO AutomationExercise - ********** Verifying Review Section Visibility **********
2026-01-31 17:37:18,451 [main] INFO AutomationExercise - Successfully verified 'Write Your Review' section.
2026-01-31 17:37:18,452 [main] INFO AutomationExercise - ********** Filling out the Product Review form **********
2026-01-31 17:37:18,656 [main] INFO AutomationExercise - ********** Clicked Review Submit Button **********
2026-01-31 17:37:18,656 [main] INFO AutomationExercise - ********** Verifying Review Success Message **********
2026-01-31 17:37:18,695 [main] INFO AutomationExercise - Expected: Thank you for your review.
2026-01-31 17:37:18,695 [main] INFO AutomationExercise - Actual: Thank you for your review.
2026-01-31 17:37:25,951 [main] INFO AutomationExercise - ********** Browser Already Launched **********
2026-01-31 17:37:25,952 [main] INFO AutomationExercise - ********** Opening URL **********
2026-01-31 17:37:58,437 [main] INFO AutomationExercise - ********** Browser Already Launched **********
2026-01-31 17:37:58,437 [main] INFO AutomationExercise - ********** Opening URL **********
2026-01-31 17:38:23,950 [main] INFO AutomationExercise - ********** Verifying Brands Sidebar after navigating to Products **********
2026-01-31 17:38:29,010 [main] INFO AutomationExercise - Brands sidebar is visible.
2026-01-31 17:38:40,864 [main] INFO AutomationExercise - ********** Clicking on Brand: Polo **********
2026-01-31 17:38:47,319 [main] INFO AutomationExercise - ********** Browser Already Launched **********
2026-01-31 17:38:47,319 [main] INFO AutomationExercise - ********** Opening URL **********
2026-01-31 17:38:53,199 [main] INFO AutomationExercise - ********** Verifying Sidebar Categories **********
2026-01-31 17:38:59,750 [main] INFO AutomationExercise - ********** Browser Already Launched **********
2026-01-31 17:38:59,751 [main] INFO AutomationExercise - ********** Opening URL **********
2026-01-31 17:39:18,541 [main] INFO AutomationExercise - ********** Browser Already Launched **********
2026-01-31 17:39:18,542 [main] INFO AutomationExercise - ********** Opening URL **********
2026-01-31 17:39:50,428 [main] INFO AutomationExercise - ********** Browser Already Launched **********
2026-01-31 17:39:50,428 [main] INFO AutomationExercise - ********** Opening URL **********
2026-01-31 17:39:59,584 [main] INFO AutomationExercise - ********** Closing Browse r**********
2026-01-31 17:40:05,581 [main] INFO AutomationExercise - ********** Browser Already Launched **********
2026-01-31 17:40:05,581 [main] INFO AutomationExercise - ********** Opening URL **********
2026-01-31 17:40:38,165 [main] INFO AutomationExercise - ********** Browser Already Launched **********
2026-01-31 17:40:38,165 [main] INFO AutomationExercise - ********** Opening URL **********
2026-01-31 17:40:56,741 [main] INFO AutomationExercise - ********** Browser Already Launched **********
2026-01-31 17:40:56,741 [main] INFO AutomationExercise - ********** Opening URL **********
2026-01-31 17:41:12,472 [main] INFO AutomationExercise - ********** Closing Browse r**********
2026-01-31 17:41:19,087 [main] INFO AutomationExercise - ********** Browser Already Launched **********
2026-01-31 17:41:19,087 [main] INFO AutomationExercise - ********** Opening URL **********
2026-01-31 17:41:30,712 [main] INFO AutomationExercise - ********** Entered name and email for registration **********
2026-01-31 17:41:30,758 [main] INFO AutomationExercise - ********** Filling Account Information **********
2026-01-31 17:41:33,888 [main] INFO AutomationExercise - ********** Selecting Newsletter Checkbox **********
2026-01-31 17:41:33,908 [main] INFO AutomationExercise - ********** Selecting Special Offers Checkbox **********
2026-01-31 17:41:33,927 [main] INFO AutomationExercise - ********** Filling Address Information **********
2026-01-31 17:41:34,346 [main] INFO AutomationExercise - ********** Clicking Create Account Button **********
2026-01-31 17:41:38,217 [main] INFO AutomationExercise - ********** Verifying Account Creation Success **********
2026-01-31 17:41:38,239 [main] INFO AutomationExercise - ********** Clicking Continue Button **********
2026-01-31 17:41:42,501 [main] INFO AutomationExercise - ********** Initiating Account Deletion **********
2026-01-31 17:41:45,234 [main] INFO AutomationExercise - ********** Verifying Account Deletion and Closing Session **********
2026-01-31 17:41:56,228 [main] INFO AutomationExercise - ********** Browser Already Launched **********
2026-01-31 17:41:56,228 [main] INFO AutomationExercise - ********** Opening URL **********
2026-01-31 17:42:11,848 [main] INFO AutomationExercise - ********** Starting Product Search **********
2026-01-31 17:42:23,960 [main] INFO AutomationExercise - ********** Browser Already Launched **********
2026-01-31 17:42:23,961 [main] INFO AutomationExercise - ********** Opening URL **********
2026-01-31 17:42:47,505 [main] INFO AutomationExercise - ********** Closing Browse r**********
2026-01-31 17:42:54,114 [main] INFO AutomationExercise - ********** Browser Already Launched **********
2026-01-31 17:42:54,114 [main] INFO AutomationExercise - ********** Opening URL **********
2026-01-31 17:43:06,229 [main] INFO AutomationExercise - ********** Closing Browse r**********
2026-01-31 17:43:12,525 [main] INFO AutomationExercise - ********** Browser Already Launched **********
2026-01-31 17:43:12,525 [main] INFO AutomationExercise - ********** Opening URL **********
2026-01-31 17:43:42,727 [main] INFO AutomationExercise - ********** Browser Already Launched **********
2026-01-31 17:43:42,728 [main] INFO AutomationExercise - ********** Opening URL **********
2026-01-31 17:43:47,320 [main] INFO AutomationExercise - ********** Verifying Recommended Items Section **********
2026-01-31 17:43:47,354 [main] INFO AutomationExercise - ********** Adding Recommended Product to Cart **********
2026-01-31 17:43:59,100 [main] INFO AutomationExercise - ********** Browser Already Launched **********
2026-01-31 17:43:59,100 [main] INFO AutomationExercise - ********** Opening URL **********
2026-01-31 17:44:23,509 [main] INFO AutomationExercise - ********** Entered name and email for registration **********
2026-01-31 17:44:26,965 [main] INFO AutomationExercise - ********** Filling Account Information **********
2026-01-31 17:44:27,329 [main] INFO AutomationExercise - ********** Selecting Newsletter Checkbox **********
2026-01-31 17:44:27,349 [main] INFO AutomationExercise - ********** Selecting Special Offers Checkbox **********
2026-01-31 17:44:27,368 [main] INFO AutomationExercise - ********** Filling Address Information **********
2026-01-31 17:44:27,774 [main] INFO AutomationExercise - ********** Clicking Create Account Button **********
2026-01-31 17:44:32,701 [main] INFO AutomationExercise - ********** Verifying Account Creation Success **********
2026-01-31 17:44:32,728 [main] INFO AutomationExercise - ********** Clicking Continue Button **********
2026-01-31 17:44:53,802 [main] INFO AutomationExercise - ********** Browser Already Launched **********
2026-01-31 17:44:53,805 [main] INFO AutomationExercise - ********** Opening URL **********
2026-01-31 17:45:16,560 [main] INFO AutomationExercise - ********** Browser Already Launched **********
2026-01-31 17:45:16,561 [main] INFO AutomationExercise - ********** Opening URL **********
2026-01-31 17:45:28,724 [main] INFO AutomationExercise - ********** Clicking the Scroll-Up Arrow **********
2026-01-31 17:45:28,752 [main] INFO AutomationExercise - ********** Verifying Scroll Up and Header Visibility **********
2026-01-31 17:45:28,769 [main] INFO AutomationExercise - Scroll up verified: Header text is visible.
2026-01-31 17:45:35,027 [main] INFO AutomationExercise - ********** Browser Already Launched **********
2026-01-31 17:45:35,027 [main] INFO AutomationExercise - ********** Opening URL **********
2026-01-31 17:45:46,249 [main] INFO AutomationExercise - ********** Scrolling back to the top of the page **********
2026-01-31 17:45:46,256 [main] INFO AutomationExercise - ********** Verifying Scroll Up and Header Visibility **********
2026-01-31 17:45:46,281 [main] INFO AutomationExercise - Scroll up verified: Header text is visible.
2026-01-31 17:45:52,608 [main] INFO AutomationExercise - ********** Browser Already Launched **********
2026-01-31 17:45:52,609 [main] INFO AutomationExercise - ********** Opening URL **********
2026-01-31 17:45:55,652 [main] INFO AutomationExercise - ********** Navigating to Cart Page **********
2026-01-31 17:45:57,276 [main] INFO AutomationExercise - ********** Browser Already Launched **********
2026-01-31 17:45:57,277 [main] INFO AutomationExercise - ********** Opening URL **********
2026-01-31 17:46:17,804 [main] INFO AutomationExercise - ********** Browser Already Launched **********
2026-01-31 17:46:17,804 [main] INFO AutomationExercise - ********** Opening URL **********
2026-01-31 17:46:55,458 [main] INFO AutomationExercise - ********** Browser Already Launched **********
2026-01-31 17:46:55,459 [main] INFO AutomationExercise - ********** Opening URL **********
2026-01-31 17:47:14,284 [main] INFO AutomationExercise - ********** Entered name and email for registration **********
2026-01-31 17:47:14,330 [main] INFO AutomationExercise - ********** Filling Account Information **********
2026-01-31 17:47:16,779 [main] INFO AutomationExercise - ********** Selecting Newsletter Checkbox **********
2026-01-31 17:47:16,805 [main] INFO AutomationExercise - ********** Selecting Special Offers Checkbox **********
2026-01-31 17:47:16,834 [main] INFO AutomationExercise - ********** Filling Address Information **********
2026-01-31 17:47:17,263 [main] INFO AutomationExercise - ********** Clicking Create Account Button **********
2026-01-31 17:47:19,740 [main] INFO AutomationExercise - ********** Verifying Account Creation Success **********
2026-01-31 17:47:19,762 [main] INFO AutomationExercise - ********** Clicking Continue Button **********
2026-01-31 17:54:57,010 [main] INFO AutomationExercise - ********** Browser Already Launched **********
2026-01-31 17:54:57,012 [main] INFO AutomationExercise - ********** Opening URL **********
2026-01-31 17:55:12,093 [main] INFO AutomationExercise - ********** Browser Already Launched **********
2026-01-31 17:55:12,095 [main] INFO AutomationExercise - ********** Opening URL **********
2026-01-31 17:55:29,673 [main] INFO AutomationExercise - ********** Browser Already Launched **********
2026-01-31 17:55:29,674 [main] INFO AutomationExercise - ********** Opening URL **********
2026-01-31 17:55:47,293 [main] INFO AutomationExercise - ********** Browser Already Launched **********
2026-01-31 17:55:47,293 [main] INFO AutomationExercise - ********** Opening URL **********
2026-01-31 17:56:01,666 [main] INFO AutomationExercise - ********** Verifying Sidebar Categories **********
2026-01-31 17:56:08,400 [main] INFO AutomationExercise - ********** Browser Already Launched **********
2026-01-31 17:56:08,401 [main] INFO AutomationExercise - ********** Opening URL **********
2026-01-31 17:56:21,717 [main] INFO AutomationExercise - ********** Browser Already Launched **********
2026-01-31 17:56:21,719 [main] INFO AutomationExercise - ********** Opening URL **********
2026-01-31 18:10:18,251 [main] INFO AutomationExercise - ********** Browser Already Launched **********
2026-01-31 18:10:18,254 [main] INFO AutomationExercise - ********** Opening URL **********
2026-01-31 18:10:32,325 [main] INFO AutomationExercise - ********** Browser Already Launched **********
2026-01-31 18:10:32,327 [main] INFO AutomationExercise - ********** Opening URL **********
2026-01-31 18:17:51,964 [main] INFO AutomationExercise - ********** Browser Already Launched **********
2026-01-31 18:17:51,966 [main] INFO AutomationExercise - ********** Opening URL **********
2026-01-31 18:18:13,542 [main] INFO AutomationExercise - ********** Verifying Review Section Visibility **********
2026-01-31 18:18:26,897 [main] INFO AutomationExercise - ********** Browser Already Launched **********
2026-01-31 18:18:26,897 [main] INFO AutomationExercise - ********** Opening URL **********
2026-01-31 18:18:58,886 [main] INFO AutomationExercise - ********** Browser Already Launched **********
2026-01-31 18:18:58,887 [main] INFO AutomationExercise - ********** Opening URL **********
2026-01-31 18:19:16,619 [main] INFO AutomationExercise - ********** Verifying Brands Sidebar after navigating to Products **********
2026-01-31 18:19:21,664 [main] INFO AutomationExercise - Brands sidebar is visible.
2026-01-31 18:19:28,048 [main] INFO AutomationExercise - ********** Clicking on Brand: Polo **********
2026-01-31 18:19:34,636 [main] INFO AutomationExercise - ********** Browser Already Launched **********
2026-01-31 18:19:34,636 [main] INFO AutomationExercise - ********** Opening URL **********
2026-01-31 18:19:50,106 [main] INFO AutomationExercise - ********** Browser Already Launched **********
2026-01-31 18:19:50,108 [main] INFO AutomationExercise - ********** Opening URL **********
2026-01-31 18:20:11,937 [main] INFO AutomationExercise - ********** Verifying Review Section Visibility **********
2026-01-31 18:20:11,974 [main] INFO AutomationExercise - Successfully verified 'Write Your Review' section.
2026-01-31 18:20:11,975 [main] INFO AutomationExercise - ********** Filling out the Product Review form **********
2026-01-31 18:20:12,189 [main] INFO AutomationExercise - ********** Clicked Review Submit Button **********
2026-01-31 18:20:12,190 [main] INFO AutomationExercise - ********** Verifying Review Success Message **********
2026-01-31 18:20:12,220 [main] INFO AutomationExercise - Expected: Thank you for your review.
2026-01-31 18:20:12,220 [main] INFO AutomationExercise - Actual: Thank you for your review.
2026-01-31 18:20:18,805 [main] INFO AutomationExercise - ********** Browser Already Launched **********
2026-01-31 18:20:18,805 [main] INFO AutomationExercise - ********** Opening URL **********
2026-01-31 18:20:53,191 [main] INFO AutomationExercise - ********** Browser Already Launched **********
2026-01-31 18:20:53,192 [main] INFO AutomationExercise - ********** Opening URL **********
2026-01-31 18:21:23,824 [main] INFO AutomationExercise - ********** Verifying Brands Sidebar after navigating to Products **********
2026-01-31 18:21:28,884 [main] INFO AutomationExercise - Brands sidebar is visible.
2026-01-31 18:21:38,531 [main] INFO AutomationExercise - ********** Clicking on Brand: Polo **********
2026-01-31 18:21:45,185 [main] INFO AutomationExercise - ********** Browser Already Launched **********
2026-01-31 18:21:45,186 [main] INFO AutomationExercise - ********** Opening URL **********
2026-01-31 18:22:01,449 [main] INFO AutomationExercise - ********** Verifying Sidebar Categories **********
2026-01-31 18:22:01,476 [main] INFO AutomationExercise - Category sidebar is successfully verified.
2026-01-31 18:22:01,479 [main] INFO AutomationExercise - ********** Clicking Women Category **********
2026-01-31 18:22:01,524 [main] INFO AutomationExercise - ********** Navigating to Women > Dress Category **********
2026-01-31 18:22:04,315 [main] INFO AutomationExercise - ********** Verifying Category Page Header **********
2026-01-31 18:22:11,377 [main] INFO AutomationExercise - ********** Browser Already Launched **********
2026-01-31 18:22:11,378 [main] INFO AutomationExercise - ********** Opening URL **********
2026-01-31 18:22:26,651 [main] INFO AutomationExercise - ********** Browser Already Launched **********
2026-01-31 18:22:26,652 [main] INFO AutomationExercise - ********** Opening URL **********
2026-01-31 18:22:47,295 [main] INFO AutomationExercise - ********** Clicking Proceed To Checkout Button **********
2026-01-31 18:22:47,309 [main] INFO AutomationExercise - ********** Clicking Register/Login button **********
2026-01-31 18:22:50,742 [main] INFO AutomationExercise - ********** Entered name and email for registration **********
2026-01-31 18:22:50,777 [main] INFO AutomationExercise - ********** Filling Account Information **********
2026-01-31 18:22:52,803 [main] INFO AutomationExercise - ********** Selecting Newsletter Checkbox **********
2026-01-31 18:22:52,824 [main] INFO AutomationExercise - ********** Selecting Special Offers Checkbox **********
2026-01-31 18:22:52,846 [main] INFO AutomationExercise - ********** Filling Address Information **********
2026-01-31 18:22:53,276 [main] INFO AutomationExercise - ********** Clicking Create Account Button **********
2026-01-31 18:22:56,286 [main] INFO AutomationExercise - ********** Verifying Account Creation Success **********
2026-01-31 18:22:56,328 [main] INFO AutomationExercise - ********** Clicking Continue Button **********
2026-01-31 18:22:59,553 [main] INFO AutomationExercise - ********** Navigating to Cart Page **********
2026-01-31 18:23:00,927 [main] INFO AutomationExercise - ********** Clicking Proceed To Checkout Button **********
2026-01-31 18:23:03,790 [main] INFO AutomationExercise - ********** Verifying Checkout Information **********
2026-01-31 18:23:03,826 [main] INFO AutomationExercise - Address Details and Review Order are successfully verified.
2026-01-31 18:23:03,827 [main] INFO AutomationExercise - ********** Finalizing Order with Comments **********
2026-01-31 18:23:04,977 [main] INFO AutomationExercise - ********** Entering Payment Information **********
2026-01-31 18:23:11,321 [main] INFO AutomationExercise - ********** Browser Already Launched **********
2026-01-31 18:23:11,322 [main] INFO AutomationExercise - ********** Opening URL **********
2026-01-31 18:23:26,524 [main] INFO AutomationExercise - ********** Closing Browse r**********
2026-01-31 18:23:32,525 [main] INFO AutomationExercise - ********** Browser Already Launched **********
2026-01-31 18:23:32,525 [main] INFO AutomationExercise - ********** Opening URL **********
2026-01-31 18:24:00,520 [main] INFO AutomationExercise - ********** Clicking Proceed To Checkout Button **********
2026-01-31 18:24:01,828 [main] INFO AutomationExercise - ********** Clicking Register/Login button **********
2026-01-31 18:24:08,554 [main] INFO AutomationExercise - ********** Browser Already Launched **********
2026-01-31 18:24:08,554 [main] INFO AutomationExercise - ********** Opening URL **********
2026-01-31 18:24:28,328 [main] INFO AutomationExercise - ********** Browser Already Launched **********
2026-01-31 18:24:28,329 [main] INFO AutomationExercise - ********** Opening URL **********
2026-01-31 18:24:49,559 [main] INFO AutomationExercise - ********** Closing Browse r**********
2026-01-31 18:24:55,510 [main] INFO AutomationExercise - ********** Browser Already Launched **********
2026-01-31 18:24:55,511 [main] INFO AutomationExercise - ********** Opening URL **********
2026-01-31 18:25:06,237 [main] INFO AutomationExercise - ********** Entered name and email for registration **********
2026-01-31 18:25:06,273 [main] INFO AutomationExercise - ********** Filling Account Information **********
2026-01-31 18:25:12,004 [main] INFO AutomationExercise - ********** Selecting Newsletter Checkbox **********
2026-01-31 18:25:12,024 [main] INFO AutomationExercise - ********** Selecting Special Offers Checkbox **********
2026-01-31 18:25:12,042 [main] INFO AutomationExercise - ********** Filling Address Information **********
2026-01-31 18:25:12,460 [main] INFO AutomationExercise - ********** Clicking Create Account Button **********
2026-01-31 18:25:16,108 [main] INFO AutomationExercise - ********** Verifying Account Creation Success **********
2026-01-31 18:25:16,129 [main] INFO AutomationExercise - ********** Clicking Continue Button **********
2026-01-31 18:25:21,170 [main] INFO AutomationExercise - ********** Initiating Account Deletion **********
2026-01-31 18:25:24,241 [main] INFO AutomationExercise - ********** Verifying Account Deletion and Closing Session **********
2026-01-31 18:25:35,767 [main] INFO AutomationExercise - ********** Browser Already Launched **********
2026-01-31 18:25:35,768 [main] INFO AutomationExercise - ********** Opening URL **********
2026-01-31 18:25:54,347 [main] INFO AutomationExercise - ********** Starting Product Search **********
2026-01-31 18:26:14,658 [main] WARN AutomationExercise - Search bar not visible. Retrying ad handling...
2026-01-31 18:26:45,137 [main] INFO AutomationExercise - ********** Browser Already Launched **********
2026-01-31 18:26:45,137 [main] INFO AutomationExercise - ********** Opening URL **********
2026-01-31 18:27:07,169 [main] INFO AutomationExercise - ********** Browser Already Launched **********
2026-01-31 18:27:07,169 [main] INFO AutomationExercise - ********** Opening URL **********
2026-01-31 18:27:31,020 [main] INFO AutomationExercise - ********** Closing Browse r**********
2026-01-31 18:27:37,182 [main] INFO AutomationExercise - ********** Browser Already Launched **********
2026-01-31 18:27:37,182 [main] INFO AutomationExercise - ********** Opening URL **********
2026-01-31 18:28:04,025 [main] INFO AutomationExercise - ********** Browser Already Launched **********
2026-01-31 18:28:04,026 [main] INFO AutomationExercise - ********** Opening URL **********
2026-01-31 18:28:15,566 [main] INFO AutomationExercise - ********** Verifying Recommended Items Section **********
2026-01-31 18:28:15,595 [main] INFO AutomationExercise - ********** Adding Recommended Product to Cart **********
2026-01-31 18:28:31,629 [main] INFO AutomationExercise - ********** Browser Already Launched **********
2026-01-31 18:28:31,629 [main] INFO AutomationExercise - ********** Opening URL **********
2026-01-31 18:28:42,773 [main] INFO AutomationExercise - ********** Entered name and email for registration **********
2026-01-31 18:28:46,616 [main] INFO AutomationExercise - ********** Filling Account Information **********
2026-01-31 18:28:46,998 [main] INFO AutomationExercise - ********** Selecting Newsletter Checkbox **********
2026-01-31 18:28:47,018 [main] INFO AutomationExercise - ********** Selecting Special Offers Checkbox **********
2026-01-31 18:28:47,036 [main] INFO AutomationExercise - ********** Filling Address Information **********
2026-01-31 18:28:47,408 [main] INFO AutomationExercise - ********** Clicking Create Account Button **********
2026-01-31 18:28:49,545 [main] INFO AutomationExercise - ********** Verifying Account Creation Success **********
2026-01-31 18:28:49,565 [main] INFO AutomationExercise - ********** Clicking Continue Button **********
2026-01-31 18:30:01,828 [main] INFO AutomationExercise - ********** Clicking Proceed To Checkout Button **********
2026-01-31 18:30:04,223 [main] INFO AutomationExercise - ********** Verifying Checkout Information **********
2026-01-31 18:30:04,263 [main] INFO AutomationExercise - Address Details and Review Order are successfully verified.
2026-01-31 18:30:04,264 [main] INFO AutomationExercise - ********** Finalizing Order with Comments **********
2026-01-31 18:30:05,962 [main] INFO AutomationExercise - ********** Entering Payment Information **********
2026-01-31 18:30:12,283 [main] INFO AutomationExercise - ********** Browser Already Launched **********
2026-01-31 18:30:12,283 [main] INFO AutomationExercise - ********** Opening URL **********
2026-01-31 18:30:29,510 [main] INFO AutomationExercise - ********** Clicking Proceed To Checkout Button **********
2026-01-31 18:30:29,523 [main] INFO AutomationExercise - ********** Clicking Register/Login button **********
2026-01-31 18:30:35,354 [main] INFO AutomationExercise - ********** Entered name and email for registration **********
2026-01-31 18:30:35,389 [main] INFO AutomationExercise - ********** Filling Account Information **********
2026-01-31 18:30:38,795 [main] INFO AutomationExercise - ********** Selecting Newsletter Checkbox **********
2026-01-31 18:30:38,816 [main] INFO AutomationExercise - ********** Selecting Special Offers Checkbox **********
2026-01-31 18:30:38,837 [main] INFO AutomationExercise - ********** Filling Address Information **********
2026-01-31 18:30:39,269 [main] INFO AutomationExercise - ********** Clicking Create Account Button **********
2026-01-31 18:30:41,913 [main] INFO AutomationExercise - ********** Verifying Account Creation Success **********
2026-01-31 18:30:41,933 [main] INFO AutomationExercise - ********** Clicking Continue Button **********
2026-01-31 18:30:47,371 [main] INFO AutomationExercise - ********** Navigating to Cart Page **********
2026-01-31 18:30:50,315 [main] INFO AutomationExercise - ********** Clicking Proceed To Checkout Button **********
2026-01-31 18:30:51,798 [main] INFO AutomationExercise - ********** Verifying Checkout Information **********
2026-01-31 18:30:51,830 [main] INFO AutomationExercise - Address Details and Review Order are successfully verified.
2026-01-31 18:30:51,831 [main] INFO AutomationExercise - ********** Finalizing Order with Comments **********
2026-01-31 18:30:56,188 [main] INFO AutomationExercise - ********** Entering Payment Information **********
2026-01-31 18:31:02,960 [main] INFO AutomationExercise - ********** Browser Already Launched **********
2026-01-31 18:31:02,961 [main] INFO AutomationExercise - ********** Opening URL **********
2026-01-31 18:31:13,851 [main] INFO AutomationExercise - ********** Clicking the Scroll-Up Arrow **********
2026-01-31 18:31:13,880 [main] INFO AutomationExercise - ********** Verifying Scroll Up and Header Visibility **********
2026-01-31 18:31:13,897 [main] INFO AutomationExercise - Scroll up verified: Header text is visible.
2026-01-31 18:31:20,072 [main] INFO AutomationExercise - ********** Browser Already Launched **********
2026-01-31 18:31:20,072 [main] INFO AutomationExercise - ********** Opening URL **********
2026-01-31 18:31:31,323 [main] INFO AutomationExercise - ********** Scrolling back to the top of the page **********
2026-01-31 18:31:31,329 [main] INFO AutomationExercise - ********** Verifying Scroll Up and Header Visibility **********
2026-01-31 18:31:31,347 [main] INFO AutomationExercise - Scroll up verified: Header text is visible.
2026-01-31 18:31:37,315 [main] INFO AutomationExercise - ********** Browser Already Launched **********
2026-01-31 18:31:37,315 [main] INFO AutomationExercise - ********** Opening URL **********
2026-01-31 18:31:44,313 [main] INFO AutomationExercise - ********** Navigating to Cart Page **********
2026-01-31 18:31:55,072 [main] INFO AutomationExercise - ********** Browser Already Launched **********
2026-01-31 18:31:55,073 [main] INFO AutomationExercise - ********** Opening URL **********
2026-01-31 18:32:18,157 [main] INFO AutomationExercise - ********** Browser Already Launched **********
2026-01-31 18:32:18,158 [main] INFO AutomationExercise - ********** Opening URL **********
2026-01-31 18:33:19,351 [main] INFO AutomationExercise - ********** Browser Already Launched **********
2026-01-31 18:33:19,351 [main] INFO AutomationExercise - ********** Opening URL **********
2026-01-31 18:33:33,686 [main] INFO AutomationExercise - ********** Entered name and email for registration **********
2026-01-31 18:33:33,729 [main] INFO AutomationExercise - ********** Filling Account Information **********
2026-01-31 18:33:41,373 [main] INFO AutomationExercise - ********** Selecting Newsletter Checkbox **********
2026-01-31 18:33:44,486 [main] INFO AutomationExercise - ********** Selecting Special Offers Checkbox **********
2026-01-31 18:33:48,226 [main] INFO AutomationExercise - ********** Filling Address Information **********
2026-01-31 18:33:48,618 [main] INFO AutomationExercise - ********** Clicking Create Account Button **********
2026-01-31 18:33:53,891 [main] INFO AutomationExercise - ********** Verifying Account Creation Success **********
2026-01-31 18:49:00,894 [main] INFO AutomationExercise - ********** Browser Already Launched **********
2026-01-31 18:49:00,897 [main] INFO AutomationExercise - ********** Opening URL **********
2026-01-31 18:49:27,774 [main] INFO AutomationExercise - ********** Verifying Review Section Visibility **********
2026-01-31 18:49:27,819 [main] INFO AutomationExercise - Successfully verified 'Write Your Review' section.
2026-01-31 18:49:27,819 [main] INFO AutomationExercise - ********** Filling out the Product Review form **********
2026-01-31 18:49:28,081 [main] INFO AutomationExercise - ********** Clicked Review Submit Button **********
2026-01-31 18:49:28,082 [main] INFO AutomationExercise - ********** Verifying Review Success Message **********
2026-01-31 18:49:28,117 [main] INFO AutomationExercise - Expected: Thank you for your review.
2026-01-31 18:49:28,117 [main] INFO AutomationExercise - Actual: Thank you for your review.
2026-01-31 18:49:34,950 [main] INFO AutomationExercise - ********** Browser Already Launched **********
2026-01-31 18:49:34,951 [main] INFO AutomationExercise - ********** Opening URL **********
2026-01-31 18:50:05,600 [main] INFO AutomationExercise - ********** Browser Already Launched **********
2026-01-31 18:50:05,600 [main] INFO AutomationExercise - ********** Opening URL **********
2026-01-31 18:50:19,757 [main] INFO AutomationExercise - ********** Verifying Brands Sidebar after navigating to Products **********
2026-01-31 18:50:24,808 [main] INFO AutomationExercise - Brands sidebar is visible.
2026-01-31 18:50:31,723 [main] INFO AutomationExercise - ********** Clicking on Brand: Polo **********
2026-01-31 18:50:38,304 [main] INFO AutomationExercise - ********** Browser Already Launched **********
2026-01-31 18:50:38,305 [main] INFO AutomationExercise - ********** Opening URL **********
2026-01-31 18:50:48,681 [main] INFO AutomationExercise - ********** Verifying Sidebar Categories **********
2026-01-31 18:50:48,709 [main] INFO AutomationExercise - Category sidebar is successfully verified.
2026-01-31 18:50:48,713 [main] INFO AutomationExercise - ********** Clicking Women Category **********
2026-01-31 18:50:48,762 [main] INFO AutomationExercise - ********** Navigating to Women > Dress Category **********
2026-01-31 18:50:54,703 [main] INFO AutomationExercise - ********** Verifying Category Page Header **********
2026-01-31 18:50:54,729 [main] INFO AutomationExercise - Expected: WOMEN - DRESS PRODUCTS
2026-01-31 18:50:54,729 [main] INFO AutomationExercise - Actual: WOMEN - DRESS PRODUCTS
2026-01-31 18:50:54,732 [main] INFO AutomationExercise - ********** Navigating to Men > Tshirts Category **********
2026-01-31 18:50:57,756 [main] INFO AutomationExercise - ********** Verifying Category Page Navigation **********
2026-01-31 18:50:57,784 [main] INFO AutomationExercise - Successfully navigated to category page: MEN - TSHIRTS PRODUCTS
2026-01-31 18:51:04,008 [main] INFO AutomationExercise - ********** Browser Already Launched **********
2026-01-31 18:51:04,009 [main] INFO AutomationExercise - ********** Opening URL **********
2026-01-31 18:51:27,222 [main] INFO AutomationExercise - ********** Browser Already Launched **********
2026-01-31 18:51:27,223 [main] INFO AutomationExercise - ********** Opening URL **********
2026-01-31 18:51:57,929 [main] INFO AutomationExercise - ********** Clicking Proceed To Checkout Button **********
2026-01-31 18:51:57,942 [main] INFO AutomationExercise - ********** Clicking Register/Login button **********
2026-01-31 18:51:59,152 [main] INFO AutomationExercise - ********** Entered name and email for registration **********
2026-01-31 18:52:01,784 [main] INFO AutomationExercise - ********** Filling Account Information **********
2026-01-31 18:52:02,254 [main] INFO AutomationExercise - ********** Selecting Newsletter Checkbox **********
2026-01-31 18:52:02,281 [main] INFO AutomationExercise - ********** Selecting Special Offers Checkbox **********
2026-01-31 18:52:02,304 [main] INFO AutomationExercise - ********** Filling Address Information **********
2026-01-31 18:52:02,718 [main] INFO AutomationExercise - ********** Clicking Create Account Button **********
2026-01-31 18:52:07,127 [main] INFO AutomationExercise - ********** Verifying Account Creation Success **********
2026-01-31 18:52:07,156 [main] INFO AutomationExercise - ********** Clicking Continue Button **********
2026-01-31 18:52:16,156 [main] INFO AutomationExercise - ********** Navigating to Cart Page **********
2026-01-31 18:52:19,048 [main] INFO AutomationExercise - ********** Clicking Proceed To Checkout Button **********
2026-01-31 18:52:21,255 [main] INFO AutomationExercise - ********** Verifying Checkout Information **********
2026-01-31 18:52:21,293 [main] INFO AutomationExercise - Address Details and Review Order are successfully verified.
2026-01-31 18:52:21,293 [main] INFO AutomationExercise - ********** Finalizing Order with Comments **********
2026-01-31 18:52:24,055 [main] INFO AutomationExercise - ********** Entering Payment Information **********
2026-01-31 18:52:24,315 [main] INFO AutomationExercise - ********** Confirming the Order **********
2026-01-31 18:52:27,321 [main] INFO AutomationExercise - ********** Verifying Order Success Message **********
2026-01-31 18:52:27,343 [main] INFO AutomationExercise - Order successfully verified!
2026-01-31 18:52:27,348 [main] INFO AutomationExercise - ********** Downloading and Verifying Invoice **********
2026-01-31 18:52:30,861 [main] INFO AutomationExercise - Invoice downloaded successfully: /Users/sankalp/Downloads/invoice.txt
2026-01-31 18:52:30,919 [main] INFO AutomationExercise - ********** Clicking Continue Button **********
2026-01-31 18:52:35,631 [main] INFO AutomationExercise - Successfully clicked Continue and cleared potential ads.
2026-01-31 18:52:35,633 [main] INFO AutomationExercise - ********** Initiating Account Deletion **********
2026-01-31 18:52:37,038 [main] INFO AutomationExercise - ********** Verifying Account Deletion and Closing Session **********
2026-01-31 18:52:45,713 [main] INFO AutomationExercise - ********** Browser Already Launched **********
2026-01-31 18:52:45,714 [main] INFO AutomationExercise - ********** Opening URL **********
2026-01-31 18:53:06,471 [main] INFO AutomationExercise - ********** Closing Browse r**********
2026-01-31 18:53:13,142 [main] INFO AutomationExercise - ********** Browser Already Launched **********
2026-01-31 18:53:13,142 [main] INFO AutomationExercise - ********** Opening URL **********
2026-01-31 18:53:30,314 [main] INFO AutomationExercise - ********** Clicking Proceed To Checkout Button **********
2026-01-31 18:53:33,049 [main] INFO AutomationExercise - ********** Clicking Register/Login button **********
2026-01-31 18:53:39,365 [main] INFO AutomationExercise - ********** Browser Already Launched **********
2026-01-31 18:53:39,366 [main] INFO AutomationExercise - ********** Opening URL **********
2026-01-31 18:54:14,234 [main] INFO AutomationExercise - ********** Browser Already Launched **********
2026-01-31 18:54:14,235 [main] INFO AutomationExercise - ********** Opening URL **********
2026-01-31 18:54:45,833 [main] INFO AutomationExercise - ********** Closing Browse r**********
2026-01-31 18:54:52,295 [main] INFO AutomationExercise - ********** Browser Already Launched **********
2026-01-31 18:54:52,296 [main] INFO AutomationExercise - ********** Opening URL **********
2026-01-31 18:55:01,529 [main] INFO AutomationExercise - ********** Entered name and email for registration **********
2026-01-31 18:55:01,563 [main] INFO AutomationExercise - ********** Filling Account Information **********
2026-01-31 18:55:03,941 [main] INFO AutomationExercise - ********** Selecting Newsletter Checkbox **********
2026-01-31 18:55:03,972 [main] INFO AutomationExercise - ********** Selecting Special Offers Checkbox **********
2026-01-31 18:55:03,990 [main] INFO AutomationExercise - ********** Filling Address Information **********
2026-01-31 18:55:04,389 [main] INFO AutomationExercise - ********** Clicking Create Account Button **********
2026-01-31 18:55:07,653 [main] INFO AutomationExercise - ********** Verifying Account Creation Success **********
2026-01-31 18:55:07,674 [main] INFO AutomationExercise - ********** Clicking Continue Button **********
2026-01-31 18:55:17,917 [main] INFO AutomationExercise - ********** Initiating Account Deletion **********
2026-01-31 18:55:19,360 [main] INFO AutomationExercise - ********** Verifying Account Deletion and Closing Session **********
2026-01-31 18:55:29,953 [main] INFO AutomationExercise - ********** Browser Already Launched **********
2026-01-31 18:55:29,954 [main] INFO AutomationExercise - ********** Opening URL **********
2026-01-31 18:56:16,687 [main] INFO AutomationExercise - ********** Starting Product Search **********
2026-01-31 18:56:43,526 [main] WARN AutomationExercise - Search bar not visible. Retrying ad handling...
2026-01-31 18:57:23,940 [main] INFO AutomationExercise - ********** Browser Already Launched **********
2026-01-31 18:57:23,940 [main] INFO AutomationExercise - ********** Opening URL **********
2026-01-31 18:58:21,483 [main] INFO AutomationExercise - ********** Closing Browse r**********
2026-01-31 18:58:27,995 [main] INFO AutomationExercise - ********** Browser Already Launched **********
2026-01-31 18:58:27,996 [main] INFO AutomationExercise - ********** Opening URL **********
2026-01-31 18:58:50,232 [main] INFO AutomationExercise - ********** Closing Browse r**********
2026-01-31 18:58:56,402 [main] INFO AutomationExercise - ********** Browser Already Launched **********
2026-01-31 18:58:56,402 [main] INFO AutomationExercise - ********** Opening URL **********
2026-01-31 18:59:35,114 [main] INFO AutomationExercise - ********** Browser Already Launched **********
2026-01-31 18:59:35,114 [main] INFO AutomationExercise - ********** Opening URL **********
2026-01-31 18:59:45,970 [main] INFO AutomationExercise - ********** Verifying Recommended Items Section **********
2026-01-31 18:59:45,998 [main] INFO AutomationExercise - ********** Adding Recommended Product to Cart **********
2026-01-31 19:00:03,186 [main] INFO AutomationExercise - ********** Browser Already Launched **********
2026-01-31 19:00:03,187 [main] INFO AutomationExercise - ********** Opening URL **********
2026-01-31 19:00:17,751 [main] INFO AutomationExercise - ********** Entered name and email for registration **********
2026-01-31 19:00:19,358 [main] INFO AutomationExercise - ********** Filling Account Information **********
2026-01-31 19:00:19,954 [main] INFO AutomationExercise - ********** Selecting Newsletter Checkbox **********
2026-01-31 19:00:20,020 [main] INFO AutomationExercise - ********** Selecting Special Offers Checkbox **********
2026-01-31 19:00:20,059 [main] INFO AutomationExercise - ********** Filling Address Information **********
2026-01-31 19:00:20,468 [main] INFO AutomationExercise - ********** Clicking Create Account Button **********
2026-01-31 19:00:24,152 [main] INFO AutomationExercise - ********** Verifying Account Creation Success **********
2026-01-31 19:00:24,177 [main] INFO AutomationExercise - ********** Clicking Continue Button **********
2026-01-31 19:00:39,846 [main] INFO AutomationExercise - ********** Clicking Proceed To Checkout Button **********
2026-01-31 19:00:43,225 [main] INFO AutomationExercise - ********** Verifying Checkout Information **********
2026-01-31 19:00:43,259 [main] INFO AutomationExercise - Address Details and Review Order are successfully verified.
2026-01-31 19:00:43,260 [main] INFO AutomationExercise - ********** Finalizing Order with Comments **********
2026-01-31 19:00:45,079 [main] INFO AutomationExercise - ********** Entering Payment Information **********
2026-01-31 19:00:45,219 [main] INFO AutomationExercise - ********** Confirming the Order **********
2026-01-31 19:00:48,382 [main] INFO AutomationExercise - ********** Verifying Order Success Message **********
2026-01-31 19:00:48,406 [main] INFO AutomationExercise - Order successfully verified!
2026-01-31 19:00:48,409 [main] INFO AutomationExercise - ********** Initiating Account Deletion **********
2026-01-31 19:00:49,807 [main] INFO AutomationExercise - ********** Verifying Account Deletion and Closing Session **********
2026-01-31 19:00:59,760 [main] INFO AutomationExercise - ********** Browser Already Launched **********
2026-01-31 19:00:59,760 [main] INFO AutomationExercise - ********** Opening URL **********
2026-01-31 19:01:36,822 [main] INFO AutomationExercise - ********** Clicking Proceed To Checkout Button **********
2026-01-31 19:01:36,835 [main] INFO AutomationExercise - ********** Clicking Register/Login button **********
2026-01-31 19:01:41,167 [main] INFO AutomationExercise - ********** Entered name and email for registration **********
2026-01-31 19:01:41,205 [main] INFO AutomationExercise - ********** Filling Account Information **********
2026-01-31 19:01:43,584 [main] INFO AutomationExercise - ********** Selecting Newsletter Checkbox **********
2026-01-31 19:01:43,602 [main] INFO AutomationExercise - ********** Selecting Special Offers Checkbox **********
2026-01-31 19:01:43,621 [main] INFO AutomationExercise - ********** Filling Address Information **********
2026-01-31 19:01:44,127 [main] INFO AutomationExercise - ********** Clicking Create Account Button **********
2026-01-31 19:02:07,115 [main] INFO AutomationExercise - ********** Verifying Account Creation Success **********
2026-01-31 19:02:24,126 [main] INFO AutomationExercise - ********** Browser Already Launched **********
2026-01-31 19:02:24,126 [main] INFO AutomationExercise - ********** Opening URL **********
2026-01-31 19:02:30,409 [main] INFO AutomationExercise - ********** Clicking the Scroll-Up Arrow **********
2026-01-31 19:02:30,443 [main] INFO AutomationExercise - ********** Verifying Scroll Up and Header Visibility **********
2026-01-31 19:02:30,461 [main] INFO AutomationExercise - Scroll up verified: Header text is visible.
2026-01-31 19:02:37,028 [main] INFO AutomationExercise - ********** Browser Already Launched **********
2026-01-31 19:02:37,029 [main] INFO AutomationExercise - ********** Opening URL **********
2026-01-31 19:02:50,423 [main] INFO AutomationExercise - ********** Scrolling back to the top of the page **********
2026-01-31 19:02:50,428 [main] INFO AutomationExercise - ********** Verifying Scroll Up and Header Visibility **********
2026-01-31 19:02:50,446 [main] INFO AutomationExercise - Scroll up verified: Header text is visible.
2026-01-31 19:02:56,517 [main] INFO AutomationExercise - ********** Browser Already Launched **********
2026-01-31 19:02:56,518 [main] INFO AutomationExercise - ********** Opening URL **********
2026-01-31 19:03:08,010 [main] INFO AutomationExercise - ********** Navigating to Cart Page **********
2026-01-31 19:03:18,241 [main] INFO AutomationExercise - ********** Browser Already Launched **********
2026-01-31 19:03:18,242 [main] INFO AutomationExercise - ********** Opening URL **********
2026-01-31 19:03:32,052 [main] INFO AutomationExercise - ********** Browser Already Launched **********
2026-01-31 19:03:32,057 [main] INFO AutomationExercise - ********** Opening URL **********
2026-01-31 19:04:16,056 [main] INFO AutomationExercise - ********** Browser Already Launched **********
2026-01-31 19:04:16,057 [main] INFO AutomationExercise - ********** Opening URL **********
2026-01-31 19:04:54,378 [main] INFO AutomationExercise - ********** Entered name and email for registration **********
2026-01-31 19:04:54,412 [main] INFO AutomationExercise - ********** Filling Account Information **********
2026-01-31 19:04:56,380 [main] INFO AutomationExercise - ********** Selecting Newsletter Checkbox **********
2026-01-31 19:04:56,399 [main] INFO AutomationExercise - ********** Selecting Special Offers Checkbox **********
2026-01-31 19:04:56,417 [main] INFO AutomationExercise - ********** Filling Address Information **********
2026-01-31 19:04:57,212 [main] INFO AutomationExercise - ********** Clicking Create Account Button **********
2026-01-31 19:05:01,128 [main] INFO AutomationExercise - ********** Verifying Account Creation Success **********
2026-01-31 19:05:01,149 [main] INFO AutomationExercise - ********** Clicking Continue Button **********
2026-01-31 19:05:14,654 [main] INFO AutomationExercise - ********** Clicking Proceed To Checkout Button **********
2026-01-31 19:05:18,101 [main] INFO AutomationExercise - Comparing Final Cleaned Actual: [Los Angeles California 90001] with Cleaned Expected: [Los Angeles California 90001]
2026-01-31 19:05:18,101 [main] INFO AutomationExercise - ********** Verifying Billing Address **********
2026-01-31 19:05:18,122 [main] INFO AutomationExercise - Comparing Actual: [Los Angeles California 90001] with Expected: [Los Angeles California 90001]
2026-01-31 19:05:18,122 [main] INFO AutomationExercise - ********** Initiating Account Deletion **********
2026-01-31 19:05:20,251 [main] INFO AutomationExercise - ********** Verifying Account Deletion and Closing Session **********
2026-01-31 20:11:31,149 [main] INFO AutomationExercise - ********** Browser Already Launched **********
2026-01-31 20:11:31,153 [main] INFO AutomationExercise - ********** Opening URL **********
2026-01-31 20:12:57,955 [main] INFO AutomationExercise - ********** Browser Already Launched **********
2026-01-31 20:12:57,958 [main] INFO AutomationExercise - ********** Opening URL **********
2026-01-31 20:14:58,121 [main] INFO AutomationExercise - ********** Starting Product Search **********
2026-01-31 20:15:19,335 [main] INFO AutomationExercise - ********** Browser Already Launched **********
2026-01-31 20:15:19,338 [main] INFO AutomationExercise - ********** Opening URL **********
2026-01-31 20:17:18,990 [main] INFO AutomationExercise - ********** Browser Already Launched **********
2026-01-31 20:17:18,993 [main] INFO AutomationExercise - ********** Opening URL **********
2026-01-31 20:32:08,259 [main] INFO AutomationExercise - ********** Browser Already Launched **********
2026-01-31 20:32:08,262 [main] INFO AutomationExercise - ********** Opening URL **********
2026-01-31 20:32:48,230 [main] INFO AutomationExercise - ********** Browser Already Launched **********
2026-01-31 20:32:48,234 [main] INFO AutomationExercise - ********** Opening URL **********
2026-01-31 20:33:51,346 [main] INFO AutomationExercise - ********** Starting Product Search **********
2026-01-31 20:35:50,608 [main] WARN AutomationExercise - Search bar not visible. Retrying ad handling...
2026-01-31 20:41:05,083 [main] INFO AutomationExercise - ********** Browser Already Launched **********
2026-01-31 20:41:05,086 [main] INFO AutomationExercise - ********** Opening URL **********
2026-01-31 20:41:34,229 [main] INFO AutomationExercise - ********** Browser Already Launched **********
2026-01-31 20:41:34,232 [main] INFO AutomationExercise - ********** Opening URL **********
2026-01-31 20:42:12,682 [main] INFO AutomationExercise - ********** Starting Product Search **********
2026-01-31 20:42:31,670 [main] WARN AutomationExercise - Search bar not visible. Retrying ad handling...
2026-01-31 20:42:47,018 [main] INFO AutomationExercise - ********** Browser Already Launched **********
2026-01-31 20:42:47,021 [main] INFO AutomationExercise - ********** Opening URL **********
2026-01-31 20:45:39,585 [main] INFO AutomationExercise - ********** Browser Already Launched **********
2026-01-31 20:45:39,588 [main] INFO AutomationExercise - ********** Opening URL **********
2026-01-31 20:47:31,482 [main] INFO AutomationExercise - ********** Verifying Review Section Visibility **********
2026-01-31 20:47:31,523 [main] INFO AutomationExercise - Successfully verified 'Write Your Review' section.
2026-01-31 20:47:31,523 [main] INFO AutomationExercise - ********** Filling out the Product Review form **********
2026-01-31 20:47:31,751 [main] INFO AutomationExercise - ********** Clicked Review Submit Button **********
2026-01-31 20:47:31,752 [main] INFO AutomationExercise - ********** Verifying Review Success Message **********
2026-01-31 20:47:31,777 [main] INFO AutomationExercise - Expected: Thank you for your review.
2026-01-31 20:47:31,777 [main] INFO AutomationExercise - Actual: Thank you for your review.
2026-01-31 20:47:38,489 [main] INFO AutomationExercise - ********** Browser Already Launched **********
2026-01-31 20:47:38,490 [main] INFO AutomationExercise - ********** Opening URL **********
2026-02-01 10:34:48,804 [main] INFO AutomationExercise - ********** Browser Already Launched **********
2026-02-01 10:34:48,807 [main] INFO AutomationExercise - ********** Opening URL **********
2026-02-01 10:35:13,900 [main] INFO AutomationExercise - ********** Browser Already Launched **********
2026-02-01 10:35:13,903 [main] INFO AutomationExercise - ********** Opening URL **********
2026-02-01 10:38:13,974 [main] INFO AutomationExercise - ********** Browser Already Launched **********
2026-02-01 10:38:13,977 [main] INFO AutomationExercise - ********** Opening URL **********
2026-02-01 15:35:30,651 [main] INFO AutomationExercise - ********** Browser Already Launched **********
2026-02-01 15:35:30,655 [main] INFO AutomationExercise - ********** Opening URL **********
2026-02-01 15:36:35,202 [main] INFO AutomationExercise - ********** Browser Already Launched **********
2026-02-01 15:36:35,205 [main] INFO AutomationExercise - ********** Opening URL **********
2026-02-01 15:37:55,746 [main] INFO AutomationExercise - ********** Browser Already Launched **********
2026-02-01 15:37:55,749 [main] INFO AutomationExercise - ********** Opening URL **********
2026-02-01 15:39:59,023 [main] INFO AutomationExercise - ********** Browser Already Launched **********
2026-02-01 15:39:59,026 [main] INFO AutomationExercise - ********** Opening URL **********
2026-02-01 15:42:42,399 [main] INFO AutomationExercise - ********** Browser Already Launched **********
2026-02-01 15:42:42,403 [main] INFO AutomationExercise - ********** Opening URL **********
2026-02-01 15:43:18,964 [main] INFO AutomationExercise - ********** Browser Already Launched **********
2026-02-01 15:43:18,967 [main] INFO AutomationExercise - ********** Opening URL **********
2026-02-01 15:43:55,545 [main] INFO AutomationExercise - ********** Browser Already Launched **********
2026-02-01 15:43:55,548 [main] INFO AutomationExercise - ********** Opening URL **********
2026-02-01 15:46:32,528 [main] INFO AutomationExercise - ********** Browser Already Launched **********
2026-02-01 15:46:32,531 [main] INFO AutomationExercise - ********** Opening URL **********
2026-02-01 15:47:06,289 [main] INFO AutomationExercise - ********** Browser Already Launched **********
2026-02-01 15:47:06,292 [main] INFO AutomationExercise - ********** Opening URL **********
2026-02-01 15:53:17,814 [main] INFO AutomationExercise - ********** Browser Already Launched **********
2026-02-01 15:53:17,817 [main] INFO AutomationExercise - ********** Opening URL **********
2026-02-01 15:54:53,621 [main] INFO AutomationExercise - ********** Browser Already Launched **********
2026-02-01 15:54:53,624 [main] INFO AutomationExercise - ********** Opening URL **********
2026-02-01 15:55:21,290 [main] INFO AutomationExercise - ********** Browser Already Launched **********
2026-02-01 15:55:21,293 [main] INFO AutomationExercise - ********** Opening URL **********
2026-02-01 16:04:01,137 [main] INFO AutomationExercise - ********** Browser Already Launched **********
2026-02-01 16:04:01,140 [main] INFO AutomationExercise - ********** Opening URL **********
2026-02-01 16:06:10,509 [main] INFO AutomationExercise - ********** Browser Already Launched **********
2026-02-01 16:06:10,514 [main] INFO AutomationExercise - ********** Opening URL **********
2026-02-01 16:06:42,003 [main] INFO AutomationExercise - ********** Browser Already Launched **********
2026-02-01 16:06:42,006 [main] INFO AutomationExercise - ********** Opening URL **********
2026-02-01 16:08:28,783 [main] INFO AutomationExercise - ********** Browser Already Launched **********
2026-02-01 16:08:28,787 [main] INFO AutomationExercise - ********** Opening URL **********
2026-02-01 16:08:59,864 [main] INFO AutomationExercise - ********** Clicking Proceed To Checkout Button **********
2026-02-01 16:08:59,884 [main] INFO AutomationExercise - ********** Clicking Register/Login button **********
2026-02-01 16:09:51,081 [main] INFO AutomationExercise - ********** Browser Already Launched **********
2026-02-01 16:09:51,085 [main] INFO AutomationExercise - ********** Opening URL **********
2026-02-01 16:10:43,835 [main] INFO AutomationExercise - ********** Browser Already Launched **********
2026-02-01 16:10:43,838 [main] INFO AutomationExercise - ********** Opening URL **********
2026-02-01 16:14:07,272 [main] INFO AutomationExercise - ********** Browser Already Launched **********
2026-02-01 16:14:07,274 [main] INFO AutomationExercise - ********** Opening URL **********
2026-02-01 16:14:30,889 [main] INFO AutomationExercise - ********** Browser Already Launched **********
2026-02-01 16:14:30,891 [main] INFO AutomationExercise - ********** Opening URL **********
2026-02-01 16:15:06,544 [main] INFO AutomationExercise - ********** Browser Already Launched **********
2026-02-01 16:15:06,568 [main] INFO AutomationExercise - ********** Opening URL **********
2026-02-01 16:16:21,832 [main] INFO AutomationExercise - ********** Browser Already Launched **********
2026-02-01 16:16:21,835 [main] INFO AutomationExercise - ********** Opening URL **********
2026-02-01 16:16:35,580 [main] INFO AutomationExercise - ********** Browser Already Launched **********
2026-02-01 16:16:35,588 [main] INFO AutomationExercise - ********** Opening URL **********
2026-02-01 16:16:36,026 [main] INFO AutomationExercise - ********** Browser Already Launched **********
2026-02-01 16:16:36,030 [main] INFO AutomationExercise - ********** Opening URL **********
2026-02-01 16:16:53,030 [main] INFO AutomationExercise - ********** Browser Already Launched **********
2026-02-01 16:16:53,032 [main] INFO AutomationExercise - ********** Opening URL **********
2026-02-01 16:17:50,233 [main] INFO AutomationExercise - ********** Browser Already Launched **********
2026-02-01 16:17:50,236 [main] INFO AutomationExercise - ********** Opening URL **********
2026-02-01 16:19:18,671 [main] INFO AutomationExercise - ********** Browser Already Launched **********
2026-02-01 16:19:18,672 [main] INFO AutomationExercise - ********** Opening URL **********
2026-02-01 16:20:11,939 [main] INFO AutomationExercise - ********** Browser Already Launched **********
2026-02-01 16:20:11,940 [main] INFO AutomationExercise - ********** Opening URL **********
2026-02-01 16:20:37,401 [main] INFO AutomationExercise - ********** Verifying Brands Sidebar after navigating to Products **********
2026-02-01 16:20:42,455 [main] INFO AutomationExercise - Brands sidebar is visible.
2026-02-01 16:21:46,754 [main] INFO AutomationExercise - ********** Clicking on Brand: Polo **********
2026-02-01 16:21:56,571 [main] INFO AutomationExercise - ********** Browser Already Launched **********
2026-02-01 16:21:56,572 [main] INFO AutomationExercise - ********** Opening URL **********
2026-02-01 16:23:47,834 [main] INFO AutomationExercise - ********** Verifying Sidebar Categories **********
2026-02-01 16:23:47,858 [main] INFO AutomationExercise - Category sidebar is successfully verified.
2026-02-01 16:23:47,863 [main] INFO AutomationExercise - ********** Clicking Women Category **********
2026-02-01 16:23:49,090 [main] INFO AutomationExercise - ********** Navigating to Women > Dress Category **********
2026-02-01 16:24:00,147 [main] INFO AutomationExercise - ********** Verifying Category Page Header **********
2026-02-01 16:24:00,170 [main] INFO AutomationExercise - Expected: WOMEN - DRESS PRODUCTS
2026-02-01 16:24:00,170 [main] INFO AutomationExercise - Actual: WOMEN - DRESS PRODUCTS
2026-02-01 16:24:00,173 [main] INFO AutomationExercise - ********** Navigating to Men > Tshirts Category **********
2026-02-01 16:24:07,737 [main] INFO AutomationExercise - ********** Verifying Category Page Navigation **********
2026-02-01 16:24:07,757 [main] INFO AutomationExercise - Successfully navigated to category page: MEN - TSHIRTS PRODUCTS
2026-02-01 16:24:14,432 [main] INFO AutomationExercise - ********** Browser Already Launched **********
2026-02-01 16:24:14,432 [main] INFO AutomationExercise - ********** Opening URL **********
2026-02-01 16:24:38,927 [main] INFO AutomationExercise - ********** Browser Already Launched **********
2026-02-01 16:24:38,929 [main] INFO AutomationExercise - ********** Opening URL **********
2026-02-01 16:25:10,983 [main] INFO AutomationExercise - ********** Browser Already Launched **********
2026-02-01 16:25:10,986 [main] INFO AutomationExercise - ********** Opening URL **********
2026-02-01 16:25:34,364 [main] INFO AutomationExercise - ********** Browser Already Launched **********
2026-02-01 16:25:34,372 [main] INFO AutomationExercise - ********** Opening URL **********
2026-02-01 16:25:49,690 [main] INFO AutomationExercise - ********** Browser Already Launched **********
2026-02-01 16:25:49,694 [main] INFO AutomationExercise - ********** Opening URL **********
2026-02-01 16:27:01,506 [main] INFO AutomationExercise - ********** Browser Already Launched **********
2026-02-01 16:27:01,515 [main] INFO AutomationExercise - ********** Opening URL **********
2026-02-01 16:27:17,764 [main] INFO AutomationExercise - ********** Browser Already Launched **********
2026-02-01 16:27:17,767 [main] INFO AutomationExercise - ********** Opening URL **********
2026-02-01 16:27:25,237 [main] INFO AutomationExercise - ********** Verifying Sidebar Categories **********
2026-02-01 16:27:25,268 [main] INFO AutomationExercise - Category sidebar is successfully verified.
2026-02-01 16:27:25,271 [main] INFO AutomationExercise - ********** Clicking Women Category **********
2026-02-01 16:27:25,326 [main] INFO AutomationExercise - ********** Navigating to Women > Dress Category **********
2026-02-01 16:27:31,081 [main] INFO AutomationExercise - ********** Verifying Category Page Header **********
2026-02-01 16:27:31,110 [main] INFO AutomationExercise - Expected: WOMEN - DRESS PRODUCTS
2026-02-01 16:27:31,110 [main] INFO AutomationExercise - Actual: WOMEN - DRESS PRODUCTS
2026-02-01 16:27:31,113 [main] INFO AutomationExercise - ********** Navigating to Men > Tshirts Category **********
2026-02-01 16:27:36,620 [main] INFO AutomationExercise - ********** Verifying Category Page Navigation **********
2026-02-01 16:27:36,644 [main] INFO AutomationExercise - Successfully navigated to category page: MEN - TSHIRTS PRODUCTS
2026-02-01 16:42:06,297 [main] INFO AutomationExercise - ********** Browser Already Launched **********
2026-02-01 16:42:06,300 [main] INFO AutomationExercise - ********** Opening URL **********
2026-02-01 16:55:19,564 [main] INFO AutomationExercise - ********** Browser Already Launched **********
2026-02-01 16:55:19,568 [main] INFO AutomationExercise - ********** Opening URL **********
2026-02-02 10:15:19,630 [main] INFO AutomationExercise - ********** Browser Already Launched **********
2026-02-02 10:15:19,632 [main] INFO AutomationExercise - ********** Opening URL **********
2026-02-02 10:15:28,785 [main] INFO AutomationExercise - ********** Verifying Review Section Visibility **********
2026-02-02 10:15:28,827 [main] INFO AutomationExercise - Successfully verified 'Write Your Review' section.
2026-02-02 10:15:28,828 [main] INFO AutomationExercise - ********** Filling out the Product Review form **********
2026-02-02 10:15:29,122 [main] INFO AutomationExercise - ********** Clicked Review Submit Button **********
2026-02-02 10:15:29,123 [main] INFO AutomationExercise - ********** Verifying Review Success Message **********
2026-02-02 10:15:29,168 [main] INFO AutomationExercise - Expected: Thank you for your review.
2026-02-02 10:15:29,168 [main] INFO AutomationExercise - Actual: Thank you for your review.
2026-02-02 10:15:30,845 [main] INFO AutomationExercise - ********** Browser Already Launched **********
2026-02-02 10:15:30,846 [main] INFO AutomationExercise - ********** Opening URL **********
2026-02-02 10:15:45,883 [main] INFO AutomationExercise - ********** Browser Already Launched **********
2026-02-02 10:15:45,883 [main] INFO AutomationExercise - ********** Opening URL **********
2026-02-02 10:15:50,170 [main] INFO AutomationExercise - ********** Verifying Brands Sidebar after navigating to Products **********
2026-02-02 10:15:55,222 [main] INFO AutomationExercise - Brands sidebar is visible.
2026-02-02 10:15:58,686 [main] INFO AutomationExercise - ********** Clicking on Brand: Polo **********
2026-02-02 10:16:00,660 [main] INFO AutomationExercise - ********** Browser Already Launched **********
2026-02-02 10:16:00,660 [main] INFO AutomationExercise - ********** Opening URL **********
2026-02-02 10:16:05,018 [main] INFO AutomationExercise - ********** Verifying Sidebar Categories **********
2026-02-02 10:16:05,046 [main] INFO AutomationExercise - Category sidebar is successfully verified.
2026-02-02 10:16:05,050 [main] INFO AutomationExercise - ********** Clicking Women Category **********
2026-02-02 10:16:05,115 [main] INFO AutomationExercise - ********** Navigating to Women > Dress Category **********
2026-02-02 10:16:07,235 [main] INFO AutomationExercise - ********** Verifying Category Page Header **********
2026-02-02 10:16:07,260 [main] INFO AutomationExercise - Expected: WOMEN - DRESS PRODUCTS
2026-02-02 10:16:07,260 [main] INFO AutomationExercise - Actual: WOMEN - DRESS PRODUCTS
2026-02-02 10:16:07,263 [main] INFO AutomationExercise - ********** Navigating to Men > Tshirts Category **********
2026-02-02 10:16:09,468 [main] INFO AutomationExercise - ********** Verifying Category Page Navigation **********
2026-02-02 10:16:09,489 [main] INFO AutomationExercise - Successfully navigated to category page: MEN - TSHIRTS PRODUCTS
2026-02-02 10:16:10,876 [main] INFO AutomationExercise - ********** Browser Already Launched **********
2026-02-02 10:16:10,876 [main] INFO AutomationExercise - ********** Opening URL **********
2026-02-02 10:16:20,457 [main] INFO AutomationExercise - ********** Browser Already Launched **********
2026-02-02 10:16:20,458 [main] INFO AutomationExercise - ********** Opening URL **********
2026-02-02 10:16:30,258 [main] INFO AutomationExercise - ********** Clicking Proceed To Checkout Button **********
2026-02-02 10:16:30,271 [main] INFO AutomationExercise - ********** Clicking Register/Login button **********
2026-02-02 10:16:31,493 [main] INFO AutomationExercise - ********** Entered name and email for registration **********
2026-02-02 10:16:31,530 [main] INFO AutomationExercise - ********** Filling Account Information **********
2026-02-02 10:16:33,357 [main] INFO AutomationExercise - ********** Selecting Newsletter Checkbox **********
2026-02-02 10:16:33,376 [main] INFO AutomationExercise - ********** Selecting Special Offers Checkbox **********
2026-02-02 10:16:33,394 [main] INFO AutomationExercise - ********** Filling Address Information **********
2026-02-02 10:16:33,782 [main] INFO AutomationExercise - ********** Clicking Create Account Button **********
2026-02-02 10:16:35,326 [main] INFO AutomationExercise - ********** Verifying Account Creation Success **********
2026-02-02 10:16:35,353 [main] INFO AutomationExercise - ********** Clicking Continue Button **********
2026-02-02 10:16:37,254 [main] INFO AutomationExercise - ********** Navigating to Cart Page **********
2026-02-02 10:16:38,370 [main] INFO AutomationExercise - ********** Clicking Proceed To Checkout Button **********
2026-02-02 10:16:39,753 [main] INFO AutomationExercise - ********** Verifying Checkout Information **********
2026-02-02 10:16:39,802 [main] INFO AutomationExercise - Address Details and Review Order are successfully verified.
2026-02-02 10:16:39,803 [main] INFO AutomationExercise - ********** Finalizing Order with Comments **********
2026-02-02 10:16:40,729 [main] INFO AutomationExercise - ********** Entering Payment Information **********
2026-02-02 10:16:40,911 [main] INFO AutomationExercise - ********** Confirming the Order **********
2026-02-02 10:16:43,533 [main] INFO AutomationExercise - ********** Verifying Order Success Message **********
2026-02-02 10:16:43,555 [main] INFO AutomationExercise - Order successfully verified!
2026-02-02 10:16:43,558 [main] INFO AutomationExercise - ********** Downloading and Verifying Invoice **********
2026-02-02 10:16:46,975 [main] INFO AutomationExercise - Invoice downloaded successfully: /Users/sankalp/Downloads/invoice.txt
2026-02-02 10:16:47,031 [main] INFO AutomationExercise - ********** Clicking Continue Button **********
2026-02-02 10:16:48,680 [main] INFO AutomationExercise - Successfully clicked Continue and cleared potential ads.
2026-02-02 10:16:48,681 [main] INFO AutomationExercise - ********** Initiating Account Deletion **********
2026-02-02 10:16:49,561 [main] INFO AutomationExercise - ********** Verifying Account Deletion and Closing Session **********
2026-02-02 10:16:52,357 [main] INFO AutomationExercise - ********** Browser Already Launched **********
2026-02-02 10:16:52,357 [main] INFO AutomationExercise - ********** Opening URL **********
2026-02-02 10:16:59,192 [main] INFO AutomationExercise - ********** Closing Browse r**********
2026-02-02 10:17:00,708 [main] INFO AutomationExercise - ********** Browser Already Launched **********
2026-02-02 10:17:00,708 [main] INFO AutomationExercise - ********** Opening URL **********
2026-02-02 10:17:12,839 [main] INFO AutomationExercise - ********** Clicking Proceed To Checkout Button **********
2026-02-02 10:17:13,744 [main] INFO AutomationExercise - ********** Clicking Register/Login button **********
2026-02-02 10:17:15,742 [main] INFO AutomationExercise - ********** Browser Already Launched **********
2026-02-02 10:17:15,742 [main] INFO AutomationExercise - ********** Opening URL **********
2026-02-02 10:17:26,839 [main] INFO AutomationExercise - ********** Browser Already Launched **********
2026-02-02 10:17:26,839 [main] INFO AutomationExercise - ********** Opening URL **********
2026-02-02 10:17:35,758 [main] INFO AutomationExercise - ********** Closing Browse r**********
2026-02-02 10:17:37,344 [main] INFO AutomationExercise - ********** Browser Already Launched **********
2026-02-02 10:17:37,344 [main] INFO AutomationExercise - ********** Opening URL **********
2026-02-02 10:17:42,730 [main] INFO AutomationExercise - ********** Entered name and email for registration **********
2026-02-02 10:17:42,767 [main] INFO AutomationExercise - ********** Filling Account Information **********
2026-02-02 10:17:44,456 [main] INFO AutomationExercise - ********** Selecting Newsletter Checkbox **********
2026-02-02 10:17:44,477 [main] INFO AutomationExercise - ********** Selecting Special Offers Checkbox **********
2026-02-02 10:17:44,502 [main] INFO AutomationExercise - ********** Filling Address Information **********
2026-02-02 10:17:44,886 [main] INFO AutomationExercise - ********** Clicking Create Account Button **********
2026-02-02 10:17:46,555 [main] INFO AutomationExercise - ********** Verifying Account Creation Success **********
2026-02-02 10:17:46,575 [main] INFO AutomationExercise - ********** Clicking Continue Button **********
2026-02-02 10:17:48,667 [main] INFO AutomationExercise - ********** Initiating Account Deletion **********
2026-02-02 10:17:49,779 [main] INFO AutomationExercise - ********** Verifying Account Deletion and Closing Session **********
2026-02-02 10:17:52,279 [main] INFO AutomationExercise - ********** Browser Already Launched **********
2026-02-02 10:17:52,279 [main] INFO AutomationExercise - ********** Opening URL **********
2026-02-02 10:17:55,368 [main] INFO AutomationExercise - ********** Starting Product Search **********
2026-02-02 10:18:10,859 [main] WARN AutomationExercise - Search bar not visible. Retrying ad handling...
2026-02-02 10:18:33,752 [main] INFO AutomationExercise - ********** Browser Already Launched **********
2026-02-02 10:18:33,753 [main] INFO AutomationExercise - ********** Opening URL **********
2026-02-02 10:18:44,242 [main] INFO AutomationExercise - ********** Browser Already Launched **********
2026-02-02 10:18:44,242 [main] INFO AutomationExercise - ********** Opening URL **********
2026-02-02 10:18:54,174 [main] INFO AutomationExercise - ********** Browser Already Launched **********
2026-02-02 10:18:54,175 [main] INFO AutomationExercise - ********** Opening URL **********
2026-02-02 10:19:07,523 [main] INFO AutomationExercise - ********** Browser Already Launched **********
2026-02-02 10:19:07,524 [main] INFO AutomationExercise - ********** Opening URL **********
2026-02-02 10:19:11,230 [main] INFO AutomationExercise - ********** Verifying Recommended Items Section **********
2026-02-02 10:19:11,275 [main] INFO AutomationExercise - ********** Adding Recommended Product to Cart **********
2026-02-02 10:19:19,688 [main] INFO AutomationExercise - ********** Browser Already Launched **********
2026-02-02 10:19:19,689 [main] INFO AutomationExercise - ********** Opening URL **********
2026-02-02 10:19:25,820 [main] INFO AutomationExercise - ********** Entered name and email for registration **********
2026-02-02 10:19:26,867 [main] INFO AutomationExercise - ********** Filling Account Information **********
2026-02-02 10:19:27,368 [main] INFO AutomationExercise - ********** Selecting Newsletter Checkbox **********
2026-02-02 10:19:27,396 [main] INFO AutomationExercise - ********** Selecting Special Offers Checkbox **********
2026-02-02 10:19:27,428 [main] INFO AutomationExercise - ********** Filling Address Information **********
2026-02-02 10:19:27,810 [main] INFO AutomationExercise - ********** Clicking Create Account Button **********
2026-02-02 10:19:29,412 [main] INFO AutomationExercise - ********** Verifying Account Creation Success **********
2026-02-02 10:19:29,436 [main] INFO AutomationExercise - ********** Clicking Continue Button **********
2026-02-02 10:19:37,527 [main] INFO AutomationExercise - ********** Clicking Proceed To Checkout Button **********
2026-02-02 10:19:38,450 [main] INFO AutomationExercise - ********** Verifying Checkout Information **********
2026-02-02 10:19:38,488 [main] INFO AutomationExercise - Address Details and Review Order are successfully verified.
2026-02-02 10:19:38,488 [main] INFO AutomationExercise - ********** Finalizing Order with Comments **********
2026-02-02 10:19:39,579 [main] INFO AutomationExercise - ********** Entering Payment Information **********
2026-02-02 10:19:39,795 [main] INFO AutomationExercise - ********** Confirming the Order **********
2026-02-02 10:19:42,511 [main] INFO AutomationExercise - ********** Verifying Order Success Message **********
2026-02-02 10:19:42,528 [main] INFO AutomationExercise - Order successfully verified!
2026-02-02 10:19:42,530 [main] INFO AutomationExercise - ********** Initiating Account Deletion **********
2026-02-02 10:19:43,486 [main] INFO AutomationExercise - ********** Verifying Account Deletion and Closing Session **********
2026-02-02 10:19:46,360 [main] INFO AutomationExercise - ********** Browser Already Launched **********
2026-02-02 10:19:46,360 [main] INFO AutomationExercise - ********** Opening URL **********
2026-02-02 10:19:57,049 [main] INFO AutomationExercise - ********** Clicking Proceed To Checkout Button **********
2026-02-02 10:19:57,060 [main] INFO AutomationExercise - ********** Clicking Register/Login button **********
2026-02-02 10:19:58,518 [main] INFO AutomationExercise - ********** Entered name and email for registration **********
2026-02-02 10:19:58,556 [main] INFO AutomationExercise - ********** Filling Account Information **********
2026-02-02 10:20:00,545 [main] INFO AutomationExercise - ********** Selecting Newsletter Checkbox **********
2026-02-02 10:20:00,564 [main] INFO AutomationExercise - ********** Selecting Special Offers Checkbox **********
2026-02-02 10:20:00,584 [main] INFO AutomationExercise - ********** Filling Address Information **********
2026-02-02 10:20:01,056 [main] INFO AutomationExercise - ********** Clicking Create Account Button **********
2026-02-02 10:20:02,868 [main] INFO AutomationExercise - ********** Verifying Account Creation Success **********
2026-02-02 10:20:02,887 [main] INFO AutomationExercise - ********** Clicking Continue Button **********
2026-02-02 10:20:05,020 [main] INFO AutomationExercise - ********** Navigating to Cart Page **********
2026-02-02 10:20:06,317 [main] INFO AutomationExercise - ********** Clicking Proceed To Checkout Button **********
2026-02-02 10:20:07,584 [main] INFO AutomationExercise - ********** Verifying Checkout Information **********
2026-02-02 10:20:07,618 [main] INFO AutomationExercise - Address Details and Review Order are successfully verified.
2026-02-02 10:20:07,618 [main] INFO AutomationExercise - ********** Finalizing Order with Comments **********
2026-02-02 10:20:08,848 [main] INFO AutomationExercise - ********** Entering Payment Information **********
2026-02-02 10:20:09,072 [main] INFO AutomationExercise - ********** Confirming the Order **********
2026-02-02 10:20:11,810 [main] INFO AutomationExercise - ********** Verifying Order Success Message **********
2026-02-02 10:20:11,828 [main] INFO AutomationExercise - Order successfully verified!
2026-02-02 10:20:11,830 [main] INFO AutomationExercise - ********** Initiating Account Deletion **********
2026-02-02 10:20:12,643 [main] INFO AutomationExercise - ********** Verifying Account Deletion and Closing Session **********
2026-02-02 10:20:15,538 [main] INFO AutomationExercise - ********** Browser Already Launched **********
2026-02-02 10:20:15,538 [main] INFO AutomationExercise - ********** Opening URL **********
2026-02-02 10:20:19,479 [main] INFO AutomationExercise - ********** Clicking the Scroll-Up Arrow **********
2026-02-02 10:20:19,509 [main] INFO AutomationExercise - ********** Verifying Scroll Up and Header Visibility **********
2026-02-02 10:20:19,528 [main] INFO AutomationExercise - Scroll up verified: Header text is visible.
2026-02-02 10:20:21,057 [main] INFO AutomationExercise - ********** Browser Already Launched **********
2026-02-02 10:20:21,057 [main] INFO AutomationExercise - ********** Opening URL **********
2026-02-02 10:20:24,514 [main] INFO AutomationExercise - ********** Scrolling back to the top of the page **********
2026-02-02 10:20:24,521 [main] INFO AutomationExercise - ********** Verifying Scroll Up and Header Visibility **********
2026-02-02 10:20:24,551 [main] INFO AutomationExercise - Scroll up verified: Header text is visible.
2026-02-02 10:20:25,889 [main] INFO AutomationExercise - ********** Browser Already Launched **********
2026-02-02 10:20:25,889 [main] INFO AutomationExercise - ********** Opening URL **********
2026-02-02 10:20:30,342 [main] INFO AutomationExercise - ********** Navigating to Cart Page **********
2026-02-02 10:20:34,323 [main] INFO AutomationExercise - ********** Browser Already Launched **********
2026-02-02 10:20:34,323 [main] INFO AutomationExercise - ********** Opening URL **********
2026-02-02 10:20:39,922 [main] INFO AutomationExercise - ********** Browser Already Launched **********
2026-02-02 10:20:39,922 [main] INFO AutomationExercise - ********** Opening URL **********
2026-02-02 10:21:00,439 [main] INFO AutomationExercise - ********** Browser Already Launched **********
2026-02-02 10:21:00,440 [main] INFO AutomationExercise - ********** Opening URL **********
2026-02-02 10:21:06,209 [main] INFO AutomationExercise - ********** Entered name and email for registration **********
2026-02-02 10:21:06,258 [main] INFO AutomationExercise - ********** Filling Account Information **********
2026-02-02 10:21:07,866 [main] INFO AutomationExercise - ********** Selecting Newsletter Checkbox **********
2026-02-02 10:21:07,886 [main] INFO AutomationExercise - ********** Selecting Special Offers Checkbox **********
2026-02-02 10:21:07,908 [main] INFO AutomationExercise - ********** Filling Address Information **********
2026-02-02 10:21:08,308 [main] INFO AutomationExercise - ********** Clicking Create Account Button **********
2026-02-02 10:21:11,034 [main] INFO AutomationExercise - ********** Verifying Account Creation Success **********
2026-02-02 10:21:11,053 [main] INFO AutomationExercise - ********** Clicking Continue Button **********
2026-02-02 10:21:17,149 [main] INFO AutomationExercise - ********** Clicking Proceed To Checkout Button **********
2026-02-02 10:21:18,167 [main] INFO AutomationExercise - Comparing Final Cleaned Actual: [Los Angeles California 90001] with Cleaned Expected: [Los Angeles California 90001]
2026-02-02 10:21:18,168 [main] INFO AutomationExercise - ********** Verifying Billing Address **********
2026-02-02 10:21:18,190 [main] INFO AutomationExercise - Comparing Actual: [Los Angeles California 90001] with Expected: [Los Angeles California 90001]
2026-02-02 10:21:18,190 [main] INFO AutomationExercise - ********** Initiating Account Deletion **********
2026-02-02 10:21:19,010 [main] INFO AutomationExercise - ********** Verifying Account Deletion and Closing Session **********
2026-02-02 10:28:24,213 [main] INFO AutomationExercise - ********** Browser Already Launched **********
2026-02-02 10:28:24,216 [main] INFO AutomationExercise - ********** Opening URL **********
2026-02-02 10:28:31,824 [main] INFO AutomationExercise - ********** Closing Browse r**********
2026-02-02 10:29:33,608 [main] INFO AutomationExercise - ********** Browser Already Launched **********
2026-02-02 10:29:33,612 [main] INFO AutomationExercise - ********** Opening URL **********
2026-02-02 10:30:55,534 [main] INFO AutomationExercise - ********** Verifying Brands Sidebar after navigating to Products **********
2026-02-02 10:31:00,600 [main] INFO AutomationExercise - Brands sidebar is visible.
2026-02-02 10:31:04,763 [main] INFO AutomationExercise - ********** Clicking on Brand: Polo **********
2026-02-02 10:38:13,835 [main] INFO AutomationExercise - ********** Browser Already Launched **********
2026-02-02 10:38:13,838 [main] INFO AutomationExercise - ********** Opening URL **********
2026-02-02 10:38:21,543 [main] INFO AutomationExercise - ********** Verifying Brands Sidebar after navigating to Products **********
2026-02-02 10:38:26,606 [main] INFO AutomationExercise - Brands sidebar is visible.
2026-02-02 10:38:31,498 [main] INFO AutomationExercise - ********** Clicking on Brand: Polo **********
2026-02-02 10:42:20,001 [main] INFO AutomationExercise - ********** Browser Already Launched **********
2026-02-02 10:42:20,004 [main] INFO AutomationExercise - ********** Opening URL **********
2026-02-02 10:42:27,542 [main] INFO AutomationExercise - ********** Verifying Brands Sidebar after navigating to Products **********
2026-02-02 10:42:32,602 [main] INFO AutomationExercise - Brands sidebar is visible.
2026-02-02 10:42:37,241 [main] INFO AutomationExercise - ********** Clicking on Brand: Polo **********
2026-02-02 10:43:08,182 [main] INFO AutomationExercise - ********** Browser Already Launched **********
2026-02-02 10:43:08,184 [main] INFO AutomationExercise - ********** Opening URL **********
2026-02-02 10:43:15,776 [main] INFO AutomationExercise - ********** Verifying Brands Sidebar after navigating to Products **********
2026-02-02 10:43:20,835 [main] INFO AutomationExercise - Brands sidebar is visible.
2026-02-02 10:43:25,513 [main] INFO AutomationExercise - ********** Clicking on Brand: Polo **********
2026-02-02 10:45:11,132 [main] INFO AutomationExercise - ********** Browser Already Launched **********
2026-02-02 10:45:11,135 [main] INFO AutomationExercise - ********** Opening URL **********
2026-02-02 10:45:18,685 [main] INFO AutomationExercise - ********** Verifying Brands Sidebar after navigating to Products **********
2026-02-02 10:45:23,744 [main] INFO AutomationExercise - Brands sidebar is visible.
2026-02-02 10:45:28,498 [main] INFO AutomationExercise - ********** Clicking on Brand: Polo **********
2026-02-02 10:46:29,436 [main] INFO AutomationExercise - ********** Browser Already Launched **********
2026-02-02 10:46:29,439 [main] INFO AutomationExercise - ********** Opening URL **********
2026-02-02 10:46:36,301 [main] INFO AutomationExercise - ********** Verifying Brands Sidebar after navigating to Products **********
2026-02-02 10:46:41,365 [main] INFO AutomationExercise - Brands sidebar is visible.
2026-02-02 10:46:46,229 [main] INFO AutomationExercise - ********** Clicking on Brand: Polo **********
2026-02-02 10:47:15,321 [main] INFO AutomationExercise - ********** Browser Already Launched **********
2026-02-02 10:47:15,325 [main] INFO AutomationExercise - ********** Opening URL **********
2026-02-02 10:47:30,803 [main] INFO AutomationExercise - ********** Clicking on Brand: Polo **********
2026-02-02 10:49:18,851 [main] INFO AutomationExercise - ********** Browser Already Launched **********
2026-02-02 10:49:18,853 [main] INFO AutomationExercise - ********** Opening URL **********
2026-02-02 10:50:04,045 [main] INFO AutomationExercise - ********** Browser Already Launched **********
2026-02-02 10:50:04,048 [main] INFO AutomationExercise - ********** Opening URL **********
2026-02-02 10:50:56,425 [main] INFO AutomationExercise - ********** Browser Already Launched **********
2026-02-02 10:50:56,429 [main] INFO AutomationExercise - ********** Opening URL **********
2026-02-02 10:51:11,183 [main] INFO AutomationExercise - ********** Clicking Proceed To Checkout Button **********
2026-02-02 10:51:12,632 [main] INFO AutomationExercise - ********** Clicking Register/Login button **********
2026-02-02 10:52:32,491 [main] INFO AutomationExercise - ********** Browser Already Launched **********
2026-02-02 10:52:32,494 [main] INFO AutomationExercise - ********** Opening URL **********
2026-02-02 10:57:17,890 [main] INFO AutomationExercise - ********** Browser Already Launched **********
2026-02-02 10:57:17,892 [main] INFO AutomationExercise - ********** Opening URL **********
2026-02-02 10:57:39,091 [main] INFO AutomationExercise - ********** Browser Already Launched **********
2026-02-02 10:57:39,094 [main] INFO AutomationExercise - ********** Opening URL **********
2026-02-02 10:58:24,884 [main] INFO AutomationExercise - ********** Browser Already Launched **********
2026-02-02 10:58:24,888 [main] INFO AutomationExercise - ********** Opening URL **********
2026-02-02 10:59:14,186 [main] INFO AutomationExercise - ********** Browser Already Launched **********
2026-02-02 10:59:14,190 [main] INFO AutomationExercise - ********** Opening URL **********
2026-02-02 10:59:28,361 [main] INFO AutomationExercise - ********** Clicking Proceed To Checkout Button **********
2026-02-02 10:59:30,053 [main] INFO AutomationExercise - ********** Clicking Register/Login button **********
2026-02-02 11:00:09,155 [main] INFO AutomationExercise - ********** Browser Already Launched **********
2026-02-02 11:00:09,158 [main] INFO AutomationExercise - ********** Opening URL **********
2026-02-02 11:00:28,389 [main] INFO AutomationExercise - ********** Browser Already Launched **********
2026-02-02 11:00:28,391 [main] INFO AutomationExercise - ********** Opening URL **********
2026-02-02 11:00:51,020 [main] INFO AutomationExercise - ********** Browser Already Launched **********
2026-02-02 11:00:51,024 [main] INFO AutomationExercise - ********** Opening URL **********
2026-02-02 11:01:13,517 [main] INFO AutomationExercise - ********** Browser Already Launched **********
2026-02-02 11:01:13,521 [main] INFO AutomationExercise - ********** Opening URL **********
2026-02-02 11:01:31,076 [main] INFO AutomationExercise - ********** Browser Already Launched **********
2026-02-02 11:01:31,079 [main] INFO AutomationExercise - ********** Opening URL **********
2026-02-02 11:01:54,260 [main] INFO AutomationExercise - ********** Browser Already Launched **********
2026-02-02 11:01:54,262 [main] INFO AutomationExercise - ********** Opening URL **********
2026-02-02 11:02:18,522 [main] INFO AutomationExercise - ********** Browser Already Launched **********
2026-02-02 11:02:18,525 [main] INFO AutomationExercise - ********** Opening URL **********
2026-02-02 11:02:48,465 [main] INFO AutomationExercise - ********** Browser Already Launched **********
2026-02-02 11:02:48,469 [main] INFO AutomationExercise - ********** Opening URL **********
2026-02-02 11:03:14,742 [main] INFO AutomationExercise - ********** Browser Already Launched **********
2026-02-02 11:03:14,745 [main] INFO AutomationExercise - ********** Opening URL **********
2026-02-02 11:03:29,662 [main] INFO AutomationExercise - ********** Clicking Proceed To Checkout Button **********
2026-02-02 11:03:31,228 [main] INFO AutomationExercise - ********** Clicking Register/Login button **********
2026-02-02 11:06:14,093 [main] INFO AutomationExercise - ********** Browser Already Launched **********
2026-02-02 11:06:14,096 [main] INFO AutomationExercise - ********** Opening URL **********
2026-02-02 11:06:29,319 [main] INFO AutomationExercise - ********** Clicking Proceed To Checkout Button **********
2026-02-02 11:06:30,632 [main] INFO AutomationExercise - ********** Verifying Checkout Information **********
2026-02-02 11:06:30,674 [main] INFO AutomationExercise - Address Details and Review Order are successfully verified.
2026-02-02 11:06:30,674 [main] INFO AutomationExercise - ********** Finalizing Order with Comments **********
2026-02-02 11:06:32,161 [main] INFO AutomationExercise - ********** Entering Payment Information **********
2026-02-02 11:06:32,352 [main] INFO AutomationExercise - ********** Confirming the Order **********
2026-02-02 11:06:34,377 [main] INFO AutomationExercise - ********** Verifying Order Success Message **********
2026-02-02 11:06:34,396 [main] INFO AutomationExercise - Order successfully verified!
2026-02-02 11:06:34,399 [main] INFO AutomationExercise - ********** Initiating Account Deletion **********
2026-02-02 11:06:35,475 [main] INFO AutomationExercise - ********** Verifying Account Deletion and Closing Session **********
2026-02-02 11:07:26,630 [main] INFO AutomationExercise - ********** Browser Already Launched **********
2026-02-02 11:07:26,633 [main] INFO AutomationExercise - ********** Opening URL **********
2026-02-02 11:07:58,548 [main] INFO AutomationExercise - ********** Browser Already Launched **********
2026-02-02 11:07:58,557 [main] INFO AutomationExercise - ********** Opening URL **********
2026-02-02 11:08:32,713 [main] INFO AutomationExercise - ********** Browser Already Launched **********
2026-02-02 11:08:32,716 [main] INFO AutomationExercise - ********** Opening URL **********
2026-02-02 11:09:05,692 [main] INFO AutomationExercise - ********** Browser Already Launched **********
2026-02-02 11:09:05,695 [main] INFO AutomationExercise - ********** Opening URL **********
2026-02-02 11:09:40,001 [main] INFO AutomationExercise - ********** Browser Already Launched **********
2026-02-02 11:09:40,004 [main] INFO AutomationExercise - ********** Opening URL **********
2026-02-02 11:09:47,297 [main] INFO AutomationExercise - ********** Closing Browse r**********
2026-02-02 11:10:37,187 [main] INFO AutomationExercise - ********** Browser Already Launched **********
2026-02-02 11:10:37,190 [main] INFO AutomationExercise - ********** Opening URL **********
2026-02-02 11:16:17,950 [main] INFO AutomationExercise - ********** Browser Already Launched **********
2026-02-02 11:16:17,953 [main] INFO AutomationExercise - ********** Opening URL **********
2026-02-02 11:19:36,537 [main] INFO AutomationExercise - ********** Browser Already Launched **********
2026-02-02 11:19:36,539 [main] INFO AutomationExercise - ********** Opening URL **********
2026-02-02 11:20:24,049 [main] INFO AutomationExercise - ********** Browser Already Launched **********
2026-02-02 11:20:24,052 [main] INFO AutomationExercise - ********** Opening URL **********
2026-02-02 11:21:01,088 [main] INFO AutomationExercise - ********** Browser Already Launched **********
2026-02-02 11:21:01,090 [main] INFO AutomationExercise - ********** Opening URL **********
2026-02-02 11:21:32,215 [main] INFO AutomationExercise - ********** Browser Already Launched **********
2026-02-02 11:21:32,219 [main] INFO AutomationExercise - ********** Opening URL **********
2026-02-02 11:22:15,264 [main] INFO AutomationExercise - ********** Browser Already Launched **********
2026-02-02 11:22:15,266 [main] INFO AutomationExercise - ********** Opening URL **********
2026-02-02 11:26:06,884 [main] INFO AutomationExercise - ********** Browser Already Launched **********
2026-02-02 11:26:06,887 [main] INFO AutomationExercise - ********** Opening URL **********
2026-02-02 11:28:06,099 [main] INFO AutomationExercise - ********** Browser Already Launched **********
2026-02-02 11:28:06,102 [main] INFO AutomationExercise - ********** Opening URL **********
2026-02-02 11:29:38,435 [main] INFO AutomationExercise - ********** Browser Already Launched **********
2026-02-02 11:29:38,440 [main] INFO AutomationExercise - ********** Opening URL **********
2026-02-02 11:30:13,800 [main] INFO AutomationExercise - ********** Browser Already Launched **********
2026-02-02 11:30:13,804 [main] INFO AutomationExercise - ********** Opening URL **********
2026-02-02 11:30:37,251 [main] INFO AutomationExercise - ********** Browser Already Launched **********
2026-02-02 11:30:37,254 [main] INFO AutomationExercise - ********** Opening URL **********
2026-02-02 11:32:15,583 [main] INFO AutomationExercise - ********** Browser Already Launched **********
2026-02-02 11:32:15,586 [main] INFO AutomationExercise - ********** Opening URL **********
2026-02-02 11:36:43,264 [main] INFO AutomationExercise - ********** Browser Already Launched **********
2026-02-02 11:36:43,267 [main] INFO AutomationExercise - ********** Opening URL **********
2026-02-02 11:50:29,068 [main] INFO AutomationExercise - ********** Browser Already Launched **********
2026-02-02 11:50:29,071 [main] INFO AutomationExercise - ********** Opening URL **********
2026-02-02 11:51:04,616 [main] INFO AutomationExercise - ********** Browser Already Launched **********
2026-02-02 11:51:04,621 [main] INFO AutomationExercise - ********** Opening URL **********
2026-02-02 11:52:04,116 [main] INFO AutomationExercise - ********** Browser Already Launched **********
2026-02-02 11:52:04,119 [main] INFO AutomationExercise - ********** Opening URL **********
2026-02-02 12:00:46,316 [main] INFO AutomationExercise - ********** Browser Already Launched **********
2026-02-02 12:00:46,320 [main] INFO AutomationExercise - ********** Opening URL **********
2026-02-02 12:02:45,198 [main] INFO AutomationExercise - ********** Browser Already Launched **********
2026-02-02 12:02:45,201 [main] INFO AutomationExercise - ********** Opening URL **********
2026-02-02 12:08:24,580 [main] INFO AutomationExercise - ********** Browser Already Launched **********
2026-02-02 12:08:24,586 [main] INFO AutomationExercise - ********** Opening URL **********
2026-02-02 12:08:24,991 [main] INFO AutomationExercise - ********** Browser Already Launched **********
2026-02-02 12:08:24,994 [main] INFO AutomationExercise - ********** Opening URL **********
2026-02-02 12:09:29,156 [main] INFO AutomationExercise - ********** Browser Already Launched **********
2026-02-02 12:09:29,159 [main] INFO AutomationExercise - ********** Opening URL **********
2026-02-02 12:09:49,172 [main] INFO AutomationExercise - ********** Browser Already Launched **********
2026-02-02 12:09:49,174 [main] INFO AutomationExercise - ********** Opening URL **********
2026-02-02 12:41:38,672 [main] INFO AutomationExercise - ********** Browser Already Launched **********
2026-02-02 12:41:38,677 [main] INFO AutomationExercise - ********** Opening URL **********
2026-02-02 13:33:25,662 [main] INFO AutomationExercise - ********** Browser Already Launched **********
2026-02-02 13:33:25,666 [main] INFO AutomationExercise - ********** Opening URL **********
2026-02-02 13:33:44,112 [main] INFO AutomationExercise - ********** Browser Already Launched **********
2026-02-02 13:33:44,114 [main] INFO AutomationExercise - ********** Opening URL **********
2026-02-02 13:34:47,849 [main] INFO AutomationExercise - ********** Browser Already Launched **********
2026-02-02 13:34:47,852 [main] INFO AutomationExercise - ********** Opening URL **********
2026-02-02 13:38:19,240 [main] INFO AutomationExercise - ********** Browser Already Launched **********
2026-02-02 13:38:19,246 [main] INFO AutomationExercise - ********** Opening URL **********
2026-02-02 13:39:28,772 [main] INFO AutomationExercise - ********** Browser Already Launched **********
2026-02-02 13:39:28,775 [main] INFO AutomationExercise - ********** Opening URL **********
2026-02-02 13:39:59,098 [main] INFO AutomationExercise - ********** Browser Already Launched **********
2026-02-02 13:39:59,102 [main] INFO AutomationExercise - ********** Opening URL **********
2026-02-02 13:40:46,944 [main] INFO AutomationExercise - ********** Browser Already Launched **********
2026-02-02 13:40:46,948 [main] INFO AutomationExercise - ********** Opening URL **********
2026-02-02 13:40:53,676 [main] INFO AutomationExercise - ********** Closing Browse r**********
2026-02-02 13:41:05,289 [main] INFO AutomationExercise - ********** Browser Already Launched **********
2026-02-02 13:41:05,293 [main] INFO AutomationExercise - ********** Opening URL **********
2026-02-02 13:41:15,064 [main] INFO AutomationExercise - ********** Closing Browse r**********
2026-02-02 13:41:28,240 [main] INFO AutomationExercise - ********** Browser Already Launched **********
2026-02-02 13:41:28,245 [main] INFO AutomationExercise - ********** Opening URL **********
2026-02-02 13:41:37,935 [main] INFO AutomationExercise - ********** Closing Browse r**********
2026-02-02 13:41:52,020 [main] INFO AutomationExercise - ********** Browser Already Launched **********
2026-02-02 13:41:52,024 [main] INFO AutomationExercise - ********** Opening URL **********
2026-02-02 13:42:02,077 [main] INFO AutomationExercise - ********** Closing Browse r**********
2026-02-02 13:42:14,689 [main] INFO AutomationExercise - ********** Browser Already Launched **********
2026-02-02 13:42:14,692 [main] INFO AutomationExercise - ********** Opening URL **********
2026-02-02 13:42:22,508 [main] INFO AutomationExercise - ********** Closing Browse r**********
2026-02-02 13:42:37,164 [main] INFO AutomationExercise - ********** Browser Already Launched **********
2026-02-02 13:42:37,167 [main] INFO AutomationExercise - ********** Opening URL **********
2026-02-02 13:42:52,184 [main] INFO AutomationExercise - ********** Clicking Proceed To Checkout Button **********
2026-02-02 13:42:53,565 [main] INFO AutomationExercise - ********** Verifying Checkout Information **********
2026-02-02 13:42:53,605 [main] INFO AutomationExercise - Address Details and Review Order are successfully verified.
2026-02-02 13:42:53,606 [main] INFO AutomationExercise - ********** Finalizing Order with Comments **********
2026-02-02 13:42:54,688 [main] INFO AutomationExercise - ********** Entering Payment Information **********
2026-02-02 13:42:54,918 [main] INFO AutomationExercise - ********** Confirming the Order **********
2026-02-02 13:42:57,572 [main] INFO AutomationExercise - ********** Verifying Order Success Message **********
2026-02-02 13:42:57,593 [main] INFO AutomationExercise - Order successfully verified!
2026-02-02 13:42:57,596 [main] INFO AutomationExercise - ********** Initiating Account Deletion **********
2026-02-02 13:42:58,551 [main] INFO AutomationExercise - ********** Verifying Account Deletion and Closing Session **********
2026-02-02 13:43:09,660 [main] INFO AutomationExercise - ********** Browser Already Launched **********
2026-02-02 13:43:09,663 [main] INFO AutomationExercise - ********** Opening URL **********
2026-02-02 13:44:47,544 [main] INFO AutomationExercise - ********** Browser Already Launched **********
2026-02-02 13:44:47,547 [main] INFO AutomationExercise - ********** Opening URL **********
2026-02-02 13:46:11,530 [main] INFO AutomationExercise - ********** Browser Already Launched **********
2026-02-02 13:46:11,536 [main] INFO AutomationExercise - ********** Opening URL **********
2026-02-02 13:49:35,211 [main] INFO AutomationExercise - ********** Browser Already Launched **********
2026-02-02 13:49:35,213 [main] INFO AutomationExercise - ********** Opening URL **********
2026-02-02 13:50:43,421 [main] INFO AutomationExercise - ********** Browser Already Launched **********
2026-02-02 13:50:43,423 [main] INFO AutomationExercise - ********** Opening URL **********
2026-02-02 13:53:05,130 [main] INFO AutomationExercise - ********** Browser Already Launched **********
2026-02-02 13:53:05,133 [main] INFO AutomationExercise - ********** Opening URL **********
2026-02-02 13:53:29,365 [main] INFO AutomationExercise - ********** Browser Already Launched **********
2026-02-02 13:53:29,368 [main] INFO AutomationExercise - ********** Opening URL **********
2026-02-02 13:58:07,896 [main] INFO AutomationExercise - ********** Browser Already Launched **********
2026-02-02 13:58:07,898 [main] INFO AutomationExercise - ********** Opening URL **********
2026-02-02 13:58:43,257 [main] INFO AutomationExercise - ********** Browser Already Launched **********
2026-02-02 13:58:43,262 [main] INFO AutomationExercise - ********** Opening URL **********
2026-02-02 13:59:10,266 [main] INFO AutomationExercise - ********** Browser Already Launched **********
2026-02-02 13:59:10,270 [main] INFO AutomationExercise - ********** Opening URL **********
2026-02-02 13:59:38,669 [main] INFO AutomationExercise - ********** Browser Already Launched **********
2026-02-02 13:59:38,671 [main] INFO AutomationExercise - ********** Opening URL **********
2026-02-02 14:40:40,232 [main] INFO AutomationExercise - ********** Browser Already Launched **********
2026-02-02 14:40:40,233 [main] INFO AutomationExercise - ********** Opening URL **********
2026-02-02 14:41:23,968 [main] INFO AutomationExercise - ********** Browser Already Launched **********
2026-02-02 14:41:23,970 [main] INFO AutomationExercise - ********** Opening URL **********
2026-02-02 14:41:41,497 [main] INFO AutomationExercise - ********** Browser Already Launched **********
2026-02-02 14:41:41,499 [main] INFO AutomationExercise - ********** Opening URL **********
2026-02-02 14:42:28,425 [main] INFO AutomationExercise - ********** Browser Already Launched **********
2026-02-02 14:42:28,427 [main] INFO AutomationExercise - ********** Opening URL **********
2026-02-02 14:42:57,354 [main] INFO AutomationExercise - ********** Browser Already Launched **********
2026-02-02 14:42:57,357 [main] INFO AutomationExercise - ********** Opening URL **********
2026-02-02 14:44:17,991 [main] INFO AutomationExercise - ********** Browser Already Launched **********
2026-02-02 14:44:17,992 [main] INFO AutomationExercise - ********** Opening URL **********
2026-02-02 14:44:58,942 [main] INFO AutomationExercise - ********** Browser Already Launched **********
2026-02-02 14:44:58,945 [main] INFO AutomationExercise - ********** Opening URL **********
2026-02-02 14:45:38,273 [main] INFO AutomationExercise - ********** Browser Already Launched **********
2026-02-02 14:45:38,274 [main] INFO AutomationExercise - ********** Opening URL **********
2026-02-02 14:45:49,483 [main] INFO AutomationExercise - ********** Browser Already Launched **********
2026-02-02 14:45:49,487 [main] INFO AutomationExercise - ********** Opening URL **********
2026-02-02 14:46:36,040 [main] INFO AutomationExercise - ********** Browser Already Launched **********
2026-02-02 14:46:36,042 [main] INFO AutomationExercise - ********** Opening URL **********
2026-02-02 14:51:04,307 [main] INFO AutomationExercise - ********** Browser Already Launched **********
2026-02-02 14:51:04,308 [main] INFO AutomationExercise - ********** Opening URL **********
2026-02-02 14:53:31,783 [main] INFO AutomationExercise - ********** Browser Already Launched **********
2026-02-02 14:53:31,786 [main] INFO AutomationExercise - ********** Opening URL **********
2026-02-02 14:53:57,638 [main] INFO AutomationExercise - ********** Browser Already Launched **********
2026-02-02 14:53:57,640 [main] INFO AutomationExercise - ********** Opening URL **********
2026-02-02 14:54:05,897 [main] INFO AutomationExercise - ********** Closing Browse r**********
2026-02-04 14:08:10,625 [main] INFO AutomationExercise - ********** Browser Already Launched **********
2026-02-04 14:08:10,629 [main] INFO AutomationExercise - ********** Opening URL **********
2026-02-04 14:08:19,262 [main] INFO AutomationExercise - ********** Verifying Review Section Visibility **********
2026-02-04 14:08:19,301 [main] INFO AutomationExercise - Successfully verified 'Write Your Review' section.
2026-02-04 14:08:19,301 [main] INFO AutomationExercise - ********** Filling out the Product Review form **********
2026-02-04 14:08:19,631 [main] INFO AutomationExercise - ********** Clicked Review Submit Button **********
2026-02-04 14:08:19,632 [main] INFO AutomationExercise - ********** Verifying Review Success Message **********
2026-02-04 14:08:19,667 [main] INFO AutomationExercise - Expected: Thank you for your review.
2026-02-04 14:08:19,667 [main] INFO AutomationExercise - Actual: Thank you for your review.
2026-02-04 14:08:21,381 [main] INFO AutomationExercise - ********** Browser Already Launched **********
2026-02-04 14:08:21,382 [main] INFO AutomationExercise - ********** Opening URL **********
2026-02-04 14:08:53,172 [main] INFO AutomationExercise - ********** Browser Already Launched **********
2026-02-04 14:08:53,182 [main] INFO AutomationExercise - ********** Opening URL **********
2026-02-04 14:09:02,254 [main] INFO AutomationExercise - ********** Verifying Review Section Visibility **********
2026-02-04 14:09:02,309 [main] INFO AutomationExercise - Successfully verified 'Write Your Review' section.
2026-02-04 14:09:02,310 [main] INFO AutomationExercise - ********** Filling out the Product Review form **********
2026-02-04 14:09:02,588 [main] INFO AutomationExercise - ********** Clicked Review Submit Button **********
2026-02-04 14:09:02,589 [main] INFO AutomationExercise - ********** Verifying Review Success Message **********
2026-02-04 14:09:02,622 [main] INFO AutomationExercise - Expected: Thank you for your review.
2026-02-04 14:09:02,622 [main] INFO AutomationExercise - Actual: Thank you for your review.
2026-02-04 14:09:04,367 [main] INFO AutomationExercise - ********** Browser Already Launched **********
2026-02-04 14:09:04,367 [main] INFO AutomationExercise - ********** Opening URL **********
2026-02-04 14:10:34,378 [main] INFO AutomationExercise - ********** Browser Already Launched **********
2026-02-04 14:10:34,379 [main] INFO AutomationExercise - ********** Opening URL **********
2026-02-04 14:10:42,321 [main] INFO AutomationExercise - ********** Verifying Brands Sidebar after navigating to Products **********
2026-02-04 14:10:47,394 [main] INFO AutomationExercise - Brands sidebar is visible.
2026-02-04 14:10:52,312 [main] INFO AutomationExercise - ********** Clicking on Brand: Polo **********
2026-02-04 14:10:52,313 [main] INFO AutomationExercise - Waiting for Brand: Polo
2026-02-04 14:10:53,640 [main] INFO AutomationExercise - Successfully clicked Polo
2026-02-04 14:10:53,648 [main] INFO AutomationExercise - ********** Verifying Brand Page Display **********
2026-02-04 14:10:53,684 [main] INFO AutomationExercise - Confirmed Brand Page Header: BRAND - POLO PRODUCTS
2026-02-04 14:10:53,686 [main] INFO AutomationExercise - ********** Clicking on a different brand link **********
2026-02-04 14:10:56,570 [main] INFO AutomationExercise - ********** Browser Already Launched **********
2026-02-04 14:10:56,570 [main] INFO AutomationExercise - ********** Opening URL **********
2026-02-04 14:10:57,905 [main] INFO AutomationExercise - ********** Verifying Sidebar Categories **********
2026-02-04 14:10:57,959 [main] INFO AutomationExercise - Category sidebar is successfully verified.
2026-02-04 14:10:57,964 [main] INFO AutomationExercise - ********** Clicking Women Category **********
2026-02-04 14:10:58,046 [main] INFO AutomationExercise - ********** Navigating to Women > Dress Category **********
2026-02-04 14:11:01,372 [main] INFO AutomationExercise - ********** Verifying Category Page Header **********
2026-02-04 14:11:01,397 [main] INFO AutomationExercise - Expected: WOMEN - DRESS PRODUCTS
2026-02-04 14:11:01,397 [main] INFO AutomationExercise - Actual: WOMEN - DRESS PRODUCTS
2026-02-04 14:11:01,400 [main] INFO AutomationExercise - ********** Navigating to Men > Tshirts Category **********
2026-02-04 14:11:04,089 [main] INFO AutomationExercise - ********** Verifying Category Page Navigation **********
2026-02-04 14:11:04,121 [main] INFO AutomationExercise - Successfully navigated to category page: MEN - TSHIRTS PRODUCTS
2026-02-04 14:11:05,602 [main] INFO AutomationExercise - ********** Browser Already Launched **********
2026-02-04 14:11:05,602 [main] INFO AutomationExercise - ********** Opening URL **********
2026-02-04 14:11:13,217 [main] INFO AutomationExercise - ********** Browser Already Launched **********
2026-02-04 14:11:13,218 [main] INFO AutomationExercise - ********** Opening URL **********
2026-02-04 14:11:21,531 [main] INFO AutomationExercise - ********** Clicking Proceed To Checkout Button **********
2026-02-04 14:11:21,544 [main] INFO AutomationExercise - ********** Clicking Register/Login button **********
2026-02-04 14:11:22,667 [main] INFO AutomationExercise - ********** Entered name and email for registration **********
2026-02-04 14:11:22,715 [main] INFO AutomationExercise - ********** Filling Account Information **********
2026-02-04 14:11:24,153 [main] INFO AutomationExercise - ********** Selecting Newsletter Checkbox **********
2026-02-04 14:11:24,178 [main] INFO AutomationExercise - ********** Selecting Special Offers Checkbox **********
2026-02-04 14:11:24,201 [main] INFO AutomationExercise - ********** Filling Address Information **********
2026-02-04 14:11:24,921 [main] INFO AutomationExercise - ********** Clicking Create Account Button **********
2026-02-04 14:11:26,801 [main] INFO AutomationExercise - ********** Verifying Account Creation Success **********
2026-02-04 14:11:26,848 [main] INFO AutomationExercise - ********** Clicking Continue Button **********
2026-02-04 14:11:29,004 [main] INFO AutomationExercise - ********** Navigating to Cart Page **********
2026-02-04 14:11:29,864 [main] INFO AutomationExercise - ********** Clicking Proceed To Checkout Button **********
2026-02-04 14:11:30,789 [main] INFO AutomationExercise - ********** Verifying Checkout Information **********
2026-02-04 14:11:30,822 [main] INFO AutomationExercise - Address Details and Review Order are successfully verified.
2026-02-04 14:11:30,823 [main] INFO AutomationExercise - ********** Finalizing Order with Comments **********
2026-02-04 14:11:31,815 [main] INFO AutomationExercise - ********** Entering Payment Information **********
2026-02-04 14:11:32,072 [main] INFO AutomationExercise - ********** Confirming the Order **********
2026-02-04 14:11:34,940 [main] INFO AutomationExercise - ********** Verifying Order Success Message **********
2026-02-04 14:11:34,961 [main] INFO AutomationExercise - Order successfully verified!
2026-02-04 14:11:34,964 [main] INFO AutomationExercise - ********** Downloading and Verifying Invoice **********
2026-02-04 14:11:38,317 [main] INFO AutomationExercise - Invoice downloaded successfully: /Users/sankalp/Downloads/invoice.txt
2026-02-04 14:11:38,371 [main] INFO AutomationExercise - ********** Clicking Continue Button **********
2026-02-04 14:11:40,008 [main] INFO AutomationExercise - Successfully clicked Continue and cleared potential ads.
2026-02-04 14:11:40,008 [main] INFO AutomationExercise - ********** Initiating Account Deletion **********
2026-02-04 14:11:40,938 [main] INFO AutomationExercise - ********** Verifying Account Deletion and Closing Session **********
2026-02-04 14:11:43,487 [main] INFO AutomationExercise - ********** Browser Already Launched **********
2026-02-04 14:11:43,487 [main] INFO AutomationExercise - ********** Opening URL **********
2026-02-04 14:11:50,891 [main] INFO AutomationExercise - ********** Closing Browse r**********
2026-02-04 14:11:52,216 [main] INFO AutomationExercise - ********** Browser Already Launched **********
2026-02-04 14:11:52,216 [main] INFO AutomationExercise - ********** Opening URL **********
2026-02-04 14:12:03,893 [main] INFO AutomationExercise - ********** Browser Already Launched **********
2026-02-04 14:12:03,893 [main] INFO AutomationExercise - ********** Opening URL **********
2026-02-04 14:12:16,363 [main] INFO AutomationExercise - ********** Browser Already Launched **********
2026-02-04 14:12:16,364 [main] INFO AutomationExercise - ********** Opening URL **********
2026-02-04 14:12:25,370 [main] INFO AutomationExercise - ********** Closing Browse r**********
2026-02-04 14:12:26,784 [main] INFO AutomationExercise - ********** Browser Already Launched **********
2026-02-04 14:12:26,784 [main] INFO AutomationExercise - ********** Opening URL **********
2026-02-04 14:12:32,416 [main] INFO AutomationExercise - ********** Entered name and email for registration **********
2026-02-04 14:12:33,462 [main] INFO AutomationExercise - ********** Filling Account Information **********
2026-02-04 14:12:33,946 [main] INFO AutomationExercise - ********** Selecting Newsletter Checkbox **********
2026-02-04 14:12:33,966 [main] INFO AutomationExercise - ********** Selecting Special Offers Checkbox **********
2026-02-04 14:12:33,992 [main] INFO AutomationExercise - ********** Filling Address Information **********
2026-02-04 14:12:34,457 [main] INFO AutomationExercise - ********** Clicking Create Account Button **********
2026-02-04 14:12:40,835 [main] INFO AutomationExercise - ********** Verifying Account Creation Success **********
2026-02-04 14:12:43,974 [main] INFO AutomationExercise - ********** Clicking Continue Button **********
2026-02-04 14:12:45,703 [main] INFO AutomationExercise - ********** Initiating Account Deletion **********
2026-02-04 14:12:47,499 [main] INFO AutomationExercise - ********** Verifying Account Deletion and Closing Session **********
2026-02-04 14:12:50,927 [main] INFO AutomationExercise - ********** Browser Already Launched **********
2026-02-04 14:12:50,928 [main] INFO AutomationExercise - ********** Opening URL **********
2026-02-04 14:12:56,858 [main] INFO AutomationExercise - ********** Starting Product Search **********
2026-02-04 14:13:15,254 [main] WARN AutomationExercise - Search bar not visible. Retrying ad handling...
2026-02-04 14:13:39,962 [main] INFO AutomationExercise - ********** Browser Already Launched **********
2026-02-04 14:13:39,963 [main] INFO AutomationExercise - ********** Opening URL **********
2026-02-04 14:13:49,978 [main] INFO AutomationExercise - ********** Closing Browse r**********
2026-02-04 14:13:51,401 [main] INFO AutomationExercise - ********** Browser Already Launched **********
2026-02-04 14:13:51,401 [main] INFO AutomationExercise - ********** Opening URL **********
2026-02-04 14:15:15,445 [main] INFO AutomationExercise - ********** Browser Already Launched **********
2026-02-04 14:15:15,445 [main] INFO AutomationExercise - ********** Opening URL **********
2026-02-04 14:15:28,631 [main] INFO AutomationExercise - ********** Browser Already Launched **********
2026-02-04 14:15:28,631 [main] INFO AutomationExercise - ********** Opening URL **********
2026-02-04 14:15:31,298 [main] INFO AutomationExercise - ********** Verifying Recommended Items Section **********
2026-02-04 14:15:31,334 [main] INFO AutomationExercise - ********** Adding Recommended Product to Cart **********
2026-02-04 14:15:40,981 [main] INFO AutomationExercise - ********** Browser Already Launched **********
2026-02-04 14:15:40,982 [main] INFO AutomationExercise - ********** Opening URL **********
2026-02-04 14:15:46,792 [main] INFO AutomationExercise - ********** Entered name and email for registration **********
2026-02-04 14:15:46,828 [main] INFO AutomationExercise - ********** Filling Account Information **********
2026-02-04 14:15:49,099 [main] INFO AutomationExercise - ********** Selecting Newsletter Checkbox **********
2026-02-04 14:15:49,118 [main] INFO AutomationExercise - ********** Selecting Special Offers Checkbox **********
2026-02-04 14:15:49,136 [main] INFO AutomationExercise - ********** Filling Address Information **********
2026-02-04 14:15:49,530 [main] INFO AutomationExercise - ********** Clicking Create Account Button **********
2026-02-04 14:15:50,997 [main] INFO AutomationExercise - ********** Verifying Account Creation Success **********
2026-02-04 14:15:51,017 [main] INFO AutomationExercise - ********** Clicking Continue Button **********
2026-02-04 14:15:58,779 [main] INFO AutomationExercise - ********** Clicking Proceed To Checkout Button **********
2026-02-04 14:16:00,540 [main] INFO AutomationExercise - ********** Verifying Checkout Information **********
2026-02-04 14:16:00,578 [main] INFO AutomationExercise - Address Details and Review Order are successfully verified.
2026-02-04 14:16:00,579 [main] INFO AutomationExercise - ********** Finalizing Order with Comments **********
2026-02-04 14:16:01,658 [main] INFO AutomationExercise - ********** Entering Payment Information **********
2026-02-04 14:16:01,885 [main] INFO AutomationExercise - ********** Confirming the Order **********
2026-02-04 14:16:04,878 [main] INFO AutomationExercise - ********** Verifying Order Success Message **********
2026-02-04 14:16:04,904 [main] INFO AutomationExercise - Order successfully verified!
2026-02-04 14:16:04,907 [main] INFO AutomationExercise - ********** Initiating Account Deletion **********
2026-02-04 14:16:06,828 [main] INFO AutomationExercise - ********** Verifying Account Deletion and Closing Session **********
2026-02-04 14:16:09,993 [main] INFO AutomationExercise - ********** Browser Already Launched **********
2026-02-04 14:16:09,994 [main] INFO AutomationExercise - ********** Opening URL **********
2026-02-04 14:16:18,431 [main] INFO AutomationExercise - ********** Clicking Proceed To Checkout Button **********
2026-02-04 14:16:18,454 [main] INFO AutomationExercise - ********** Clicking Register/Login button **********
2026-02-04 14:16:19,991 [main] INFO AutomationExercise - ********** Entered name and email for registration **********
2026-02-04 14:16:20,038 [main] INFO AutomationExercise - ********** Filling Account Information **********
2026-02-04 14:16:22,796 [main] INFO AutomationExercise - ********** Selecting Newsletter Checkbox **********
2026-02-04 14:16:22,816 [main] INFO AutomationExercise - ********** Selecting Special Offers Checkbox **********
2026-02-04 14:16:22,837 [main] INFO AutomationExercise - ********** Filling Address Information **********
2026-02-04 14:16:23,239 [main] INFO AutomationExercise - ********** Clicking Create Account Button **********
2026-02-04 14:16:26,284 [main] INFO AutomationExercise - ********** Verifying Account Creation Success **********
2026-02-04 14:16:26,306 [main] INFO AutomationExercise - ********** Clicking Continue Button **********
2026-02-04 14:16:27,874 [main] INFO AutomationExercise - ********** Navigating to Cart Page **********
2026-02-04 14:16:29,601 [main] INFO AutomationExercise - ********** Clicking Proceed To Checkout Button **********
2026-02-04 14:16:30,618 [main] INFO AutomationExercise - ********** Verifying Checkout Information **********
2026-02-04 14:16:30,653 [main] INFO AutomationExercise - Address Details and Review Order are successfully verified.
2026-02-04 14:16:30,653 [main] INFO AutomationExercise - ********** Finalizing Order with Comments **********
2026-02-04 14:16:31,784 [main] INFO AutomationExercise - ********** Entering Payment Information **********
2026-02-04 14:16:32,011 [main] INFO AutomationExercise - ********** Confirming the Order **********
2026-02-04 14:16:35,362 [main] INFO AutomationExercise - ********** Verifying Order Success Message **********
2026-02-04 14:16:35,382 [main] INFO AutomationExercise - Order successfully verified!
2026-02-04 14:16:35,385 [main] INFO AutomationExercise - ********** Initiating Account Deletion **********
2026-02-04 14:16:36,462 [main] INFO AutomationExercise - ********** Verifying Account Deletion and Closing Session **********
2026-02-04 14:16:39,758 [main] INFO AutomationExercise - ********** Browser Already Launched **********
2026-02-04 14:16:39,758 [main] INFO AutomationExercise - ********** Opening URL **********
2026-02-04 14:16:43,080 [main] INFO AutomationExercise - ********** Clicking the Scroll-Up Arrow **********
2026-02-04 14:16:43,111 [main] INFO AutomationExercise - ********** Verifying Scroll Up and Header Visibility **********
2026-02-04 14:16:43,130 [main] INFO AutomationExercise - Scroll up verified: Header text is visible.
2026-02-04 14:16:44,479 [main] INFO AutomationExercise - ********** Browser Already Launched **********
2026-02-04 14:16:44,479 [main] INFO AutomationExercise - ********** Opening URL **********
2026-02-04 14:16:47,617 [main] INFO AutomationExercise - ********** Scrolling back to the top of the page **********
2026-02-04 14:16:47,622 [main] INFO AutomationExercise - ********** Verifying Scroll Up and Header Visibility **********
2026-02-04 14:16:47,640 [main] INFO AutomationExercise - Scroll up verified: Header text is visible.
2026-02-04 14:16:49,040 [main] INFO AutomationExercise - ********** Browser Already Launched **********
2026-02-04 14:16:49,041 [main] INFO AutomationExercise - ********** Opening URL **********
2026-02-04 14:16:52,624 [main] INFO AutomationExercise - ********** Navigating to Cart Page **********
2026-02-04 14:16:55,913 [main] INFO AutomationExercise - ********** Browser Already Launched **********
2026-02-04 14:16:55,914 [main] INFO AutomationExercise - ********** Opening URL **********
2026-02-04 14:18:15,543 [main] INFO AutomationExercise - ********** Browser Already Launched **********
2026-02-04 14:18:15,544 [main] INFO AutomationExercise - ********** Opening URL **********
2026-02-04 14:18:25,210 [main] INFO AutomationExercise - ********** Browser Already Launched **********
2026-02-04 14:18:25,211 [main] INFO AutomationExercise - ********** Opening URL **********
2026-02-04 14:18:30,987 [main] INFO AutomationExercise - ********** Entered name and email for registration **********
2026-02-04 14:18:32,178 [main] INFO AutomationExercise - ********** Filling Account Information **********
2026-02-04 14:18:32,751 [main] INFO AutomationExercise - ********** Selecting Newsletter Checkbox **********
2026-02-04 14:18:32,773 [main] INFO AutomationExercise - ********** Selecting Special Offers Checkbox **********
2026-02-04 14:18:32,797 [main] INFO AutomationExercise - ********** Filling Address Information **********
2026-02-04 14:18:33,212 [main] INFO AutomationExercise - ********** Clicking Create Account Button **********
2026-02-04 14:18:36,095 [main] INFO AutomationExercise - ********** Verifying Account Creation Success **********
2026-02-04 14:18:36,122 [main] INFO AutomationExercise - ********** Clicking Continue Button **********
2026-02-04 14:18:41,727 [main] INFO AutomationExercise - ********** Clicking Proceed To Checkout Button **********
2026-02-04 14:18:43,390 [main] INFO AutomationExercise - Comparing Final Cleaned Actual: [Los Angeles California 90001] with Cleaned Expected: [Los Angeles California 90001]
2026-02-04 14:18:43,391 [main] INFO AutomationExercise - ********** Verifying Billing Address **********
2026-02-04 14:18:43,420 [main] INFO AutomationExercise - Comparing Actual: [Los Angeles California 90001] with Expected: [Los Angeles California 90001]
2026-02-04 14:18:43,421 [main] INFO AutomationExercise - ********** Initiating Account Deletion **********
2026-02-04 14:18:45,142 [main] INFO AutomationExercise - ********** Verifying Account Deletion and Closing Session **********
2026-02-04 14:21:24,937 [main] INFO AutomationExercise - ********** Browser Already Launched **********
2026-02-04 14:21:24,942 [main] INFO AutomationExercise - ********** Opening URL **********
2026-02-04 14:21:52,099 [main] INFO AutomationExercise - ********** Browser Already Launched **********
2026-02-04 14:21:52,102 [main] INFO AutomationExercise - ********** Opening URL **********
2026-02-04 14:22:07,883 [main] INFO AutomationExercise - ********** Clicking Proceed To Checkout Button **********
2026-02-04 14:22:10,376 [main] INFO AutomationExercise - ********** Verifying Checkout Information **********
2026-02-04 14:22:10,611 [main] INFO AutomationExercise - Address Details and Review Order are successfully verified.
2026-02-04 14:22:10,615 [main] INFO AutomationExercise - ********** Finalizing Order with Comments **********
2026-02-04 14:22:12,046 [main] INFO AutomationExercise - ********** Entering Payment Information **********
2026-02-04 14:22:12,249 [main] INFO AutomationExercise - ********** Confirming the Order **********
2026-02-04 14:22:14,833 [main] INFO AutomationExercise - ********** Verifying Order Success Message **********
2026-02-04 14:22:14,855 [main] INFO AutomationExercise - Order successfully verified!
2026-02-04 14:22:14,858 [main] INFO AutomationExercise - ********** Initiating Account Deletion **********
2026-02-04 14:22:16,487 [main] INFO AutomationExercise - ********** Verifying Account Deletion and Closing Session **********
2026-02-04 15:16:10,081 [main] INFO AutomationExercise - ********** Browser Already Launched **********
2026-02-04 15:16:10,084 [main] INFO AutomationExercise - ********** Opening URL **********
2026-02-04 15:16:36,373 [main] INFO AutomationExercise - ********** Browser Already Launched **********
2026-02-04 15:16:36,376 [main] INFO AutomationExercise - ********** Opening URL **********
2026-02-04 15:18:24,909 [main] INFO AutomationExercise - ********** Browser Already Launched **********
2026-02-04 15:18:24,913 [main] INFO AutomationExercise - ********** Opening URL **********
2026-02-04 15:18:38,928 [main] INFO AutomationExercise - ********** Clicking Proceed To Checkout Button **********
2026-02-04 15:18:40,650 [main] INFO AutomationExercise - ********** Verifying Checkout Information **********
2026-02-04 15:18:40,696 [main] INFO AutomationExercise - Address Details and Review Order are successfully verified.
2026-02-04 15:18:40,697 [main] INFO AutomationExercise - ********** Finalizing Order with Comments **********
2026-02-04 15:18:42,626 [main] INFO AutomationExercise - ********** Entering Payment Information **********
2026-02-04 15:18:42,865 [main] INFO AutomationExercise - ********** Confirming the Order **********
2026-02-04 15:18:45,117 [main] INFO AutomationExercise - ********** Verifying Order Success Message **********
2026-02-04 15:18:45,137 [main] INFO AutomationExercise - Order successfully verified!
2026-02-04 15:18:45,139 [main] INFO AutomationExercise - ********** Initiating Account Deletion **********
2026-02-04 15:18:46,525 [main] INFO AutomationExercise - ********** Verifying Account Deletion and Closing Session **********
2026-02-06 13:11:41,180 [main] INFO AutomationExercise - ********** Browser Already Launched **********
2026-02-06 13:11:41,184 [main] INFO AutomationExercise - ********** Opening URL **********
2026-02-06 13:12:27,471 [main] INFO AutomationExercise - ********** Browser Already Launched **********
2026-02-06 13:12:27,474 [main] INFO AutomationExercise - ********** Opening URL **********
2026-02-06 13:12:44,563 [main] INFO AutomationExercise - ********** Browser Already Launched **********
2026-02-06 13:12:44,566 [main] INFO AutomationExercise - ********** Opening URL **********
2026-02-06 13:12:48,654 [main] INFO AutomationExercise - ********** Entered name and email for registration **********
2026-02-06 13:12:48,700 [main] INFO AutomationExercise - ********** Filling Account Information **********
2026-02-06 13:12:50,693 [main] INFO AutomationExercise - ********** Selecting Newsletter Checkbox **********
2026-02-06 13:12:50,710 [main] INFO AutomationExercise - ********** Selecting Special Offers Checkbox **********
2026-02-06 13:12:50,726 [main] INFO AutomationExercise - ********** Filling Address Information **********
2026-02-06 13:12:51,028 [main] INFO AutomationExercise - ********** Clicking Create Account Button **********
2026-02-06 13:12:54,088 [main] INFO AutomationExercise - ********** Verifying Account Creation Success **********
2026-02-06 13:12:54,109 [main] INFO AutomationExercise - ********** Clicking Continue Button **********
2026-02-06 13:12:56,321 [main] INFO AutomationExercise - ********** Initiating Account Deletion **********
2026-02-06 13:12:58,407 [main] INFO AutomationExercise - ********** Verifying Account Deletion and Closing Session **********
2026-02-06 13:35:16,488 [main] INFO AutomationExercise - ********** Browser Already Launched **********
2026-02-06 13:35:16,491 [main] INFO AutomationExercise - ********** Opening URL **********
2026-02-06 13:35:38,547 [main] INFO AutomationExercise - ********** Browser Already Launched **********
2026-02-06 13:35:38,549 [main] INFO AutomationExercise - ********** Opening URL **********
2026-02-06 13:35:43,403 [main] INFO AutomationExercise - ********** Entered name and email for registration **********
2026-02-06 13:35:43,440 [main] INFO AutomationExercise - ********** Filling Account Information **********
2026-02-06 13:35:46,199 [main] INFO AutomationExercise - ********** Selecting Newsletter Checkbox **********
2026-02-06 13:35:46,216 [main] INFO AutomationExercise - ********** Selecting Special Offers Checkbox **********
2026-02-06 13:35:46,230 [main] INFO AutomationExercise - ********** Filling Address Information **********
2026-02-06 13:35:46,576 [main] INFO AutomationExercise - ********** Clicking Create Account Button **********
2026-02-06 13:35:49,359 [main] INFO AutomationExercise - ********** Verifying Account Creation Success **********
2026-02-06 13:35:49,383 [main] INFO AutomationExercise - ********** Clicking Continue Button **********
2026-02-06 13:35:51,100 [main] INFO AutomationExercise - ********** Initiating Account Deletion **********
2026-02-06 13:35:52,697 [main] INFO AutomationExercise - ********** Verifying Account Deletion and Closing Session **********
2026-02-09 12:22:26,119 [main] INFO AutomationExercise - ********** Browser Already Launched **********
2026-02-09 12:22:26,123 [main] INFO AutomationExercise - ********** Opening URL **********
2026-02-09 12:22:46,027 [main] INFO AutomationExercise - ********** Browser Already Launched **********
2026-02-09 12:22:46,031 [main] INFO AutomationExercise - ********** Opening URL **********
2026-02-09 12:22:52,266 [main] INFO AutomationExercise - ********** Entered name and email for registration **********
2026-02-09 12:22:52,346 [main] INFO AutomationExercise - ********** Filling Account Information **********
2026-02-09 12:22:54,190 [main] INFO AutomationExercise - ********** Selecting Newsletter Checkbox **********
2026-02-09 12:22:54,215 [main] INFO AutomationExercise - ********** Selecting Special Offers Checkbox **********
2026-02-09 12:22:54,241 [main] INFO AutomationExercise - ********** Filling Address Information **********
2026-02-09 12:22:54,773 [main] INFO AutomationExercise - ********** Clicking Create Account Button **********
2026-02-09 12:22:57,129 [main] INFO AutomationExercise - ********** Verifying Account Creation Success **********
2026-02-09 12:22:57,154 [main] INFO AutomationExercise - ********** Clicking Continue Button **********
2026-02-09 12:22:58,534 [main] INFO AutomationExercise - ********** Initiating Account Deletion **********
2026-02-09 12:22:59,538 [main] INFO AutomationExercise - ********** Verifying Account Deletion and Closing Session **********
2026-02-09 12:25:28,157 [main] INFO AutomationExercise - ********** Browser Already Launched **********
2026-02-09 12:25:28,162 [main] INFO AutomationExercise - ********** Opening URL **********
2026-02-09 12:26:14,453 [main] INFO AutomationExercise - ********** Browser Already Launched **********
2026-02-09 12:26:14,456 [main] INFO AutomationExercise - ********** Opening URL **********
2026-02-09 12:27:00,970 [main] INFO AutomationExercise - ********** Browser Already Launched **********
2026-02-09 12:27:00,975 [main] INFO AutomationExercise - ********** Opening URL **********
2026-02-09 12:27:09,127 [main] INFO AutomationExercise - ********** Closing Browse r**********
2026-02-10 10:16:56,958 [main] INFO AutomationExercise - ********** Browser Already Launched **********
2026-02-10 10:16:56,960 [main] INFO AutomationExercise - ********** Opening URL **********
2026-02-10 10:17:40,083 [main] INFO AutomationExercise - ********** Browser Already Launched **********
2026-02-10 10:17:40,085 [main] INFO AutomationExercise - ********** Opening URL **********
2026-02-10 10:17:48,174 [main] INFO AutomationExercise - ********** Clicking Proceed To Checkout Button **********
2026-02-10 10:17:48,185 [main] INFO AutomationExercise - ********** Clicking Register/Login button **********
2026-02-10 10:17:49,386 [main] INFO AutomationExercise - ********** Entered name and email for registration **********
2026-02-10 10:17:49,414 [main] INFO AutomationExercise - ********** Filling Account Information **********
2026-02-10 10:17:51,781 [main] INFO AutomationExercise - ********** Selecting Newsletter Checkbox **********
2026-02-10 10:17:51,793 [main] INFO AutomationExercise - ********** Selecting Special Offers Checkbox **********
2026-02-10 10:17:51,805 [main] INFO AutomationExercise - ********** Filling Address Information **********
2026-02-10 10:17:52,037 [main] INFO AutomationExercise - ********** Clicking Create Account Button **********
2026-02-10 10:17:53,388 [main] INFO AutomationExercise - ********** Verifying Account Creation Success **********
2026-02-10 10:17:53,408 [main] INFO AutomationExercise - ********** Clicking Continue Button **********
2026-02-10 10:17:55,493 [main] INFO AutomationExercise - ********** Navigating to Cart Page **********
2026-02-10 10:17:56,819 [main] INFO AutomationExercise - ********** Clicking Proceed To Checkout Button **********
2026-02-10 10:17:58,244 [main] INFO AutomationExercise - ********** Verifying Checkout Information **********
2026-02-10 10:17:58,276 [main] INFO AutomationExercise - Address Details and Review Order are successfully verified.
2026-02-10 10:17:58,277 [main] INFO AutomationExercise - ********** Finalizing Order with Comments **********
2026-02-10 10:17:59,238 [main] INFO AutomationExercise - ********** Entering Payment Information **********
2026-02-10 10:17:59,388 [main] INFO AutomationExercise - ********** Confirming the Order **********
2026-02-10 10:18:01,524 [main] INFO AutomationExercise - ********** Verifying Order Success Message **********
2026-02-10 10:18:01,541 [main] INFO AutomationExercise - Order successfully verified!
2026-02-10 10:18:01,543 [main] INFO AutomationExercise - ********** Downloading and Verifying Invoice **********
2026-02-10 10:18:04,971 [main] INFO AutomationExercise - Invoice downloaded successfully: /Users/sankalp/Downloads/invoice.txt
2026-02-10 10:18:05,024 [main] INFO AutomationExercise - ********** Clicking Continue Button **********
2026-02-10 10:18:07,839 [main] INFO AutomationExercise - Successfully clicked Continue and cleared potential ads.
2026-02-10 10:18:07,840 [main] INFO AutomationExercise - ********** Initiating Account Deletion **********
2026-02-10 10:18:09,326 [main] INFO AutomationExercise - ********** Verifying Account Deletion and Closing Session **********
2026-02-10 10:33:56,007 [main] INFO AutomationExercise - ********** Browser Already Launched **********
2026-02-10 10:33:56,010 [main] INFO AutomationExercise - ********** Opening URL **********
2026-02-10 10:34:30,978 [main] INFO AutomationExercise - ********** Browser Already Launched **********
2026-02-10 10:34:30,980 [main] INFO AutomationExercise - ********** Opening URL **********
2026-02-10 10:34:44,616 [main] INFO AutomationExercise - ********** Closing Browse r**********
2026-02-10 14:15:05,874 [main] INFO AutomationExercise - ********** Browser Already Launched **********
2026-02-10 14:15:05,878 [main] INFO AutomationExercise - ********** Opening URL **********
2026-02-10 14:16:04,948 [main] INFO AutomationExercise - ********** Browser Already Launched **********
2026-02-10 14:16:04,963 [main] INFO AutomationExercise - ********** Opening URL **********
2026-02-10 14:16:57,003 [main] INFO AutomationExercise - ********** Browser Already Launched **********
2026-02-10 14:16:57,009 [main] INFO AutomationExercise - ********** Opening URL **********
2026-02-10 14:17:01,443 [main] INFO AutomationExercise - Entered subscription email: test@example.com
2026-02-10 14:17:01,482 [main] INFO AutomationExercise - Clicked on the subscribe button.
2026-02-10 14:17:01,523 [main] INFO AutomationExercise - Subscription message displayed: You have been successfully subscribed!
2026-02-10 14:17:12,212 [main] INFO AutomationExercise - ********** Browser Already Launched **********
2026-02-10 14:17:12,233 [main] INFO AutomationExercise - ********** Opening URL **********
2026-02-10 14:17:16,867 [main] INFO AutomationExercise - Entered subscription email: test@example.com
2026-02-10 14:17:16,921 [main] INFO AutomationExercise - Clicked on the subscribe button.
2026-02-10 14:17:16,992 [main] INFO AutomationExercise - Subscription message displayed: You have been successfully subscribed!
2026-02-10 14:24:50,463 [main] INFO AutomationExercise - ********** Browser Already Launched **********
2026-02-10 14:24:50,466 [main] INFO AutomationExercise - ********** Opening URL **********
2026-02-10 14:24:54,702 [main] INFO AutomationExercise - Entered subscription email: test@example.com
2026-02-10 14:24:54,755 [main] INFO AutomationExercise - Clicked on the subscribe button.
2026-02-10 14:24:54,783 [main] INFO AutomationExercise - Subscription message displayed: You have been successfully subscribed!
2026-02-10 14:25:09,323 [main] INFO AutomationExercise - ********** Browser Already Launched **********
2026-02-10 14:25:09,337 [main] INFO AutomationExercise - ********** Opening URL **********
2026-02-10 14:25:10,438 [main] INFO AutomationExercise - ********** Browser Already Launched **********
2026-02-10 14:25:10,441 [main] INFO AutomationExercise - ********** Opening URL **********
2026-02-10 14:25:12,988 [main] INFO AutomationExercise - ********** Navigating to Cart Page **********
2026-02-10 14:25:13,514 [main] INFO AutomationExercise - ********** Navigating to Cart Page **********
2026-02-10 14:25:15,493 [main] INFO AutomationExercise - Entered subscription email: test@example.com
2026-02-10 14:25:15,528 [main] INFO AutomationExercise - Clicked on the subscribe button.
2026-02-10 14:25:15,566 [main] INFO AutomationExercise - Subscription message displayed: You have been successfully subscribed!
2026-02-10 14:25:16,315 [main] INFO AutomationExercise - Entered subscription email: test@example.com
2026-02-10 14:25:16,413 [main] INFO AutomationExercise - Clicked on the subscribe button.
2026-02-10 14:25:16,471 [main] INFO AutomationExercise - Subscription message displayed: You have been successfully subscribed!
2026-02-10 14:40:21,582 [main] INFO AutomationExercise - ********** Browser Already Launched **********
2026-02-10 14:40:21,587 [main] INFO AutomationExercise - ********** Opening URL **********
2026-02-10 14:41:14,508 [main] INFO AutomationExercise - ********** Browser Already Launched **********
2026-02-10 14:41:14,515 [main] INFO AutomationExercise - ********** Opening URL **********
2026-02-10 14:41:24,870 [main] INFO AutomationExercise - Clicked on remove button for product.
2026-02-10 14:42:06,334 [main] INFO AutomationExercise - ********** Browser Already Launched **********
2026-02-10 14:42:06,338 [main] INFO AutomationExercise - ********** Opening URL **********
2026-02-10 14:42:16,672 [main] INFO AutomationExercise - Clicked on remove button for product.
2026-02-10 14:43:01,285 [main] INFO AutomationExercise - ********** Browser Already Launched **********
2026-02-10 14:43:01,288 [main] INFO AutomationExercise - ********** Opening URL **********
2026-02-10 14:43:12,138 [main] INFO AutomationExercise - Clicked on remove button for product.
2026-02-10 14:43:25,407 [main] INFO AutomationExercise - ********** Browser Already Launched **********
2026-02-10 14:43:25,410 [main] INFO AutomationExercise - ********** Opening URL **********
2026-02-10 14:43:36,247 [main] INFO AutomationExercise - Clicked on remove button for product.
2026-02-10 14:43:53,896 [main] INFO AutomationExercise - ********** Browser Already Launched **********
2026-02-10 14:43:53,898 [main] INFO AutomationExercise - ********** Opening URL **********
2026-02-10 14:44:05,669 [main] INFO AutomationExercise - Clicked on remove button for product.
2026-02-10 14:44:33,428 [main] INFO AutomationExercise - ********** Browser Already Launched **********
2026-02-10 14:44:33,431 [main] INFO AutomationExercise - ********** Opening URL **********
2026-02-10 14:44:44,021 [main] INFO AutomationExercise - Clicked on remove button for product.
2026-02-10 14:45:38,348 [main] INFO AutomationExercise - ********** Browser Already Launched **********
2026-02-10 14:45:38,352 [main] INFO AutomationExercise - ********** Opening URL **********
2026-02-10 14:45:48,367 [main] INFO AutomationExercise - Clicked on remove button for product.
2026-02-10 14:48:19,093 [main] INFO AutomationExercise - ********** Browser Already Launched **********
2026-02-10 14:48:19,096 [main] INFO AutomationExercise - ********** Opening URL **********
2026-02-10 14:48:29,699 [main] INFO AutomationExercise - Clicked on remove button for product.
2026-02-10 14:48:40,065 [main] ERROR AutomationExercise - Empty cart message did not appear.
2026-02-10 14:52:07,384 [main] INFO AutomationExercise - ********** Browser Already Launched **********
2026-02-10 14:52:07,388 [main] INFO AutomationExercise - ********** Opening URL **********
2026-02-10 14:52:18,168 [main] INFO AutomationExercise - Initial items in cart: 2
2026-02-10 14:52:36,253 [main] INFO AutomationExercise - ********** Browser Already Launched **********
2026-02-10 14:52:36,257 [main] INFO AutomationExercise - ********** Opening URL **********
2026-02-10 14:52:44,883 [main] INFO AutomationExercise - Initial items in cart: 2
2026-02-10 14:55:15,691 [main] INFO AutomationExercise - ********** Browser Already Launched **********
2026-02-10 14:55:15,694 [main] INFO AutomationExercise - ********** Opening URL **********
2026-02-10 14:55:23,199 [main] INFO AutomationExercise - ********** Starting Product Search **********
2026-02-10 14:55:42,234 [main] WARN AutomationExercise - Search bar not visible. Retrying ad handling...
2026-02-10 15:06:36,502 [main] INFO AutomationExercise - ********** Browser Already Launched **********
2026-02-10 15:06:36,506 [main] INFO AutomationExercise - ********** Opening URL **********
2026-02-10 15:06:49,051 [main] INFO AutomationExercise - Increased quantity to: 4
2026-02-10 15:10:50,904 [main] INFO AutomationExercise - ********** Browser Already Launched **********
2026-02-10 15:10:50,909 [main] INFO AutomationExercise - ********** Opening URL **********
2026-02-10 15:11:03,815 [main] INFO AutomationExercise - Increased quantity to: 4
2026-02-10 15:11:05,919 [main] INFO AutomationExercise - Verifying quantity. Expected: 4 | Actual: 4
2026-02-10 15:15:02,775 [main] INFO AutomationExercise - ********** Browser Already Launched **********
2026-02-10 15:15:02,778 [main] INFO AutomationExercise - ********** Opening URL **********
2026-02-10 15:15:10,532 [main] INFO AutomationExercise - ********** Starting Product Search **********
2026-02-10 15:15:29,785 [main] WARN AutomationExercise - Search bar not visible. Retrying ad handling...
2026-02-10 15:16:06,008 [main] INFO AutomationExercise - ********** Browser Already Launched **********
2026-02-10 15:16:06,011 [main] INFO AutomationExercise - ********** Opening URL **********
2026-02-10 15:16:08,458 [main] INFO AutomationExercise - ********** Starting Product Search **********
2026-02-10 15:16:28,627 [main] WARN AutomationExercise - Search bar not visible. Retrying ad handling...
2026-02-10 15:20:23,151 [main] INFO AutomationExercise - ********** Browser Already Launched **********
2026-02-10 15:20:23,162 [main] INFO AutomationExercise - ********** Opening URL **********
2026-02-10 15:20:34,474 [main] INFO AutomationExercise - ********** Starting Product Search **********
2026-02-10 15:20:53,383 [main] WARN AutomationExercise - Search bar not visible. Retrying ad handling...
2026-02-10 15:23:23,609 [main] INFO AutomationExercise - ********** Browser Already Launched **********
2026-02-10 15:23:23,613 [main] INFO AutomationExercise - ********** Opening URL **********
2026-02-10 15:23:48,044 [main] INFO AutomationExercise - ********** Browser Already Launched **********
2026-02-10 15:23:48,047 [main] INFO AutomationExercise - ********** Opening URL **********
2026-02-10 15:24:33,425 [main] INFO AutomationExercise - ********** Browser Already Launched **********
2026-02-10 15:24:33,429 [main] INFO AutomationExercise - ********** Opening URL **********
2026-02-10 15:24:37,856 [main] INFO AutomationExercise - Clicked on Products button.
2026-02-10 15:24:44,839 [main] INFO AutomationExercise - ********** Starting Product Search **********
2026-02-10 15:25:12,784 [main] INFO AutomationExercise - ********** Browser Already Launched **********
2026-02-10 15:25:12,787 [main] INFO AutomationExercise - ********** Opening URL **********
2026-02-10 15:25:16,931 [main] INFO AutomationExercise - Clicked on Products button.
2026-02-10 15:25:24,206 [main] INFO AutomationExercise - ********** Starting Product Search **********
2026-02-10 15:27:24,254 [main] INFO AutomationExercise - ********** Browser Already Launched **********
2026-02-10 15:27:24,258 [main] INFO AutomationExercise - ********** Opening URL **********
2026-02-10 15:27:29,223 [main] INFO AutomationExercise - Clicked on Products button.
2026-02-10 15:27:39,014 [main] INFO AutomationExercise - Clicked on Products button.
2026-02-10 15:27:39,017 [main] INFO AutomationExercise - ********** Starting Product Search **********
2026-02-10 15:27:59,618 [main] INFO AutomationExercise - ********** Browser Already Launched **********
2026-02-10 15:27:59,621 [main] INFO AutomationExercise - ********** Opening URL **********
2026-02-10 15:28:02,050 [main] INFO AutomationExercise - Clicked on Products button.
2026-02-10 15:28:12,927 [main] INFO AutomationExercise - Clicked on Products button.
2026-02-10 15:28:12,931 [main] INFO AutomationExercise - ********** Starting Product Search **********
2026-02-10 15:34:59,997 [main] INFO AutomationExercise - ********** Browser Already Launched **********
2026-02-10 15:35:00,007 [main] INFO AutomationExercise - ********** Opening URL **********
2026-02-10 15:35:03,336 [main] INFO AutomationExercise - Clicked on Products button.
2026-02-10 15:35:14,458 [main] INFO AutomationExercise - ********** Verifying Review Section Visibility **********
2026-02-10 15:35:14,502 [main] INFO AutomationExercise - Successfully verified 'Write Your Review' section.
2026-02-10 15:35:14,503 [main] INFO AutomationExercise - ********** Filling out the Product Review form **********
2026-02-10 15:35:14,773 [main] INFO AutomationExercise - ********** Clicked Review Submit Button **********
2026-02-10 15:35:14,774 [main] INFO AutomationExercise - ********** Verifying Review Success Message **********
2026-02-10 15:35:14,799 [main] INFO AutomationExercise - Expected: Thank you for your review.
2026-02-10 15:35:14,799 [main] INFO AutomationExercise - Actual: Thank you for your review.
2026-02-10 15:35:21,578 [main] INFO AutomationExercise - ********** Browser Already Launched **********
2026-02-10 15:35:21,579 [main] INFO AutomationExercise - ********** Opening URL **********
2026-02-10 15:35:24,391 [main] INFO AutomationExercise - Clicked on Products button.
2026-02-10 15:35:47,473 [main] INFO AutomationExercise - ********** Browser Already Launched **********
2026-02-10 15:35:47,473 [main] INFO AutomationExercise - ********** Opening URL **********
2026-02-10 15:35:52,576 [main] INFO AutomationExercise - Clicked on Products button.
2026-02-10 15:35:59,824 [main] INFO AutomationExercise - ********** Verifying Brands Sidebar after navigating to Products **********
2026-02-10 15:36:04,874 [main] INFO AutomationExercise - Brands sidebar is visible.
2026-02-10 15:36:09,273 [main] INFO AutomationExercise - ********** Clicking on Brand: Polo **********
2026-02-10 15:36:09,274 [main] INFO AutomationExercise - Waiting for Brand: Polo
2026-02-10 15:36:10,176 [main] INFO AutomationExercise - Successfully clicked Polo
2026-02-10 15:36:10,186 [main] INFO AutomationExercise - ********** Verifying Brand Page Display **********
2026-02-10 15:36:10,216 [main] INFO AutomationExercise - Confirmed Brand Page Header: BRAND - POLO PRODUCTS
2026-02-10 15:36:10,218 [main] INFO AutomationExercise - ********** Clicking on a different brand link **********
2026-02-10 15:36:18,296 [main] INFO AutomationExercise - ********** Browser Already Launched **********
2026-02-10 15:36:18,296 [main] INFO AutomationExercise - ********** Opening URL **********
2026-02-10 15:36:22,459 [main] INFO AutomationExercise - ********** Verifying Sidebar Categories **********
2026-02-10 15:36:22,486 [main] INFO AutomationExercise - Category sidebar is successfully verified.
2026-02-10 15:36:22,490 [main] INFO AutomationExercise - ********** Clicking Women Category **********
2026-02-10 15:36:22,552 [main] INFO AutomationExercise - ********** Navigating to Women > Dress Category **********
2026-02-10 15:36:24,138 [main] INFO AutomationExercise - ********** Verifying Category Page Header **********
2026-02-10 15:36:24,164 [main] INFO AutomationExercise - Expected: WOMEN - DRESS PRODUCTS
2026-02-10 15:36:24,164 [main] INFO AutomationExercise - Actual: WOMEN - DRESS PRODUCTS
2026-02-10 15:36:24,167 [main] INFO AutomationExercise - ********** Navigating to Men > Tshirts Category **********
2026-02-10 15:36:27,187 [main] INFO AutomationExercise - ********** Verifying Category Page Navigation **********
2026-02-10 15:36:27,215 [main] INFO AutomationExercise - Successfully navigated to category page: MEN - TSHIRTS PRODUCTS
2026-02-10 15:36:33,668 [main] INFO AutomationExercise - ********** Browser Already Launched **********
2026-02-10 15:36:33,669 [main] INFO AutomationExercise - ********** Opening URL **********
2026-02-10 15:36:46,747 [main] INFO AutomationExercise - ********** Browser Already Launched **********
2026-02-10 15:36:46,747 [main] INFO AutomationExercise - ********** Opening URL **********
2026-02-10 15:36:51,126 [main] INFO AutomationExercise - Clicked on Products button.
2026-02-10 15:37:01,856 [main] INFO AutomationExercise - ********** Clicking Proceed To Checkout Button **********
2026-02-10 15:37:01,869 [main] INFO AutomationExercise - ********** Clicking Register/Login button **********
2026-02-10 15:37:03,042 [main] INFO AutomationExercise - ********** Entered name and email for registration **********
2026-02-10 15:37:04,067 [main] INFO AutomationExercise - ********** Filling Account Information **********
2026-02-10 15:37:05,148 [main] INFO AutomationExercise - ********** Selecting Newsletter Checkbox **********
2026-02-10 15:37:05,175 [main] INFO AutomationExercise - ********** Selecting Special Offers Checkbox **********
2026-02-10 15:37:05,201 [main] INFO AutomationExercise - ********** Filling Address Information **********
2026-02-10 15:37:05,718 [main] INFO AutomationExercise - ********** Clicking Create Account Button **********
2026-02-10 15:37:08,263 [main] INFO AutomationExercise - ********** Verifying Account Creation Success **********
2026-02-10 15:37:08,285 [main] INFO AutomationExercise - ********** Clicking Continue Button **********
2026-02-10 15:37:09,301 [main] INFO AutomationExercise - ********** Navigating to Cart Page **********
2026-02-10 15:37:10,274 [main] INFO AutomationExercise - ********** Clicking Proceed To Checkout Button **********
2026-02-10 15:37:11,487 [main] INFO AutomationExercise - ********** Verifying Checkout Information **********
2026-02-10 15:37:11,523 [main] INFO AutomationExercise - Address Details and Review Order are successfully verified.
2026-02-10 15:37:11,523 [main] INFO AutomationExercise - ********** Finalizing Order with Comments **********
2026-02-10 15:37:12,606 [main] INFO AutomationExercise - ********** Entering Payment Information **********
2026-02-10 15:37:12,818 [main] INFO AutomationExercise - ********** Confirming the Order **********
2026-02-10 15:37:15,231 [main] INFO AutomationExercise - ********** Verifying Order Success Message **********
2026-02-10 15:37:15,252 [main] INFO AutomationExercise - Order successfully verified!
2026-02-10 15:37:15,255 [main] INFO AutomationExercise - ********** Downloading and Verifying Invoice **********
2026-02-10 15:37:18,696 [main] INFO AutomationExercise - Invoice downloaded successfully: /Users/sankalp/Downloads/invoice.txt
2026-02-10 15:37:18,697 [main] INFO AutomationExercise - ********** Clicking Continue Button **********
2026-02-10 15:37:19,797 [main] INFO AutomationExercise - Successfully clicked Continue and cleared potential ads.
2026-02-10 15:37:19,797 [main] INFO AutomationExercise - ********** Initiating Account Deletion **********
2026-02-10 15:37:20,576 [main] INFO AutomationExercise - ********** Verifying Account Deletion and Closing Session **********
2026-02-10 15:37:28,568 [main] INFO AutomationExercise - ********** Browser Already Launched **********
2026-02-10 15:37:28,568 [main] INFO AutomationExercise - ********** Opening URL **********
2026-02-10 15:37:36,627 [main] INFO AutomationExercise - ********** Closing Browse r**********
2026-02-10 15:37:43,181 [main] INFO AutomationExercise - ********** Browser Already Launched **********
2026-02-10 15:37:43,181 [main] INFO AutomationExercise - ********** Opening URL **********
2026-02-10 15:37:53,058 [main] INFO AutomationExercise - Clicked on Products button.
2026-02-10 15:38:01,427 [main] INFO AutomationExercise - ********** Browser Already Launched **********
2026-02-10 15:38:01,427 [main] INFO AutomationExercise - ********** Opening URL **********
2026-02-10 15:38:05,737 [main] INFO AutomationExercise - Clicked on Products button.
2026-02-10 15:38:22,726 [main] INFO AutomationExercise - ********** Browser Already Launched **********
2026-02-10 15:38:22,727 [main] INFO AutomationExercise - ********** Opening URL **********
2026-02-10 15:38:31,899 [main] INFO AutomationExercise - ********** Closing Browse r**********
2026-02-10 15:38:38,071 [main] INFO AutomationExercise - ********** Browser Already Launched **********
2026-02-10 15:38:38,071 [main] INFO AutomationExercise - ********** Opening URL **********
2026-02-10 15:40:01,697 [main] INFO AutomationExercise - ********** Browser Already Launched **********
2026-02-10 15:40:01,698 [main] INFO AutomationExercise - ********** Opening URL **********
2026-02-10 15:40:06,457 [main] INFO AutomationExercise - Clicked on Products button.
2026-02-10 15:40:17,315 [main] INFO AutomationExercise - Clicked on Products button.
2026-02-10 15:40:17,317 [main] INFO AutomationExercise - ********** Starting Product Search **********
2026-02-10 15:40:26,292 [main] INFO AutomationExercise - ********** Browser Already Launched **********
2026-02-10 15:40:26,293 [main] INFO AutomationExercise - ********** Opening URL **********
2026-02-10 15:40:36,050 [main] INFO AutomationExercise - ********** Closing Browse r**********
2026-02-10 15:40:42,404 [main] INFO AutomationExercise - ********** Browser Already Launched **********
2026-02-10 15:40:42,404 [main] INFO AutomationExercise - ********** Opening URL **********
2026-02-10 15:40:54,632 [main] INFO AutomationExercise - ********** Closing Browse r**********
2026-02-10 15:41:01,055 [main] INFO AutomationExercise - ********** Browser Already Launched **********
2026-02-10 15:41:01,055 [main] INFO AutomationExercise - ********** Opening URL **********
2026-02-10 15:41:05,583 [main] INFO AutomationExercise - Clicked on Products button.
2026-02-10 15:41:24,707 [main] INFO AutomationExercise - ********** Browser Already Launched **********
2026-02-10 15:41:24,707 [main] INFO AutomationExercise - ********** Opening URL **********
2026-02-10 15:41:28,493 [main] INFO AutomationExercise - ********** Verifying Recommended Items Section **********
2026-02-10 15:41:28,527 [main] INFO AutomationExercise - ********** Adding Recommended Product to Cart **********
2026-02-10 15:41:42,323 [main] INFO AutomationExercise - ********** Browser Already Launched **********
2026-02-10 15:41:42,323 [main] INFO AutomationExercise - ********** Opening URL **********
2026-02-10 15:41:48,466 [main] INFO AutomationExercise - ********** Entered name and email for registration **********
2026-02-10 15:41:50,592 [main] INFO AutomationExercise - ********** Filling Account Information **********
2026-02-10 15:41:51,010 [main] INFO AutomationExercise - ********** Selecting Newsletter Checkbox **********
2026-02-10 15:41:51,029 [main] INFO AutomationExercise - ********** Selecting Special Offers Checkbox **********
2026-02-10 15:41:51,058 [main] INFO AutomationExercise - ********** Filling Address Information **********
2026-02-10 15:41:51,443 [main] INFO AutomationExercise - ********** Clicking Create Account Button **********
2026-02-10 15:41:51,482 [main] INFO AutomationExercise - ********** Verifying Account Creation Success **********
2026-02-10 15:42:08,256 [main] INFO AutomationExercise - ********** Browser Already Launched **********
2026-02-10 15:42:08,257 [main] INFO AutomationExercise - ********** Opening URL **********
2026-02-10 15:42:10,853 [main] INFO AutomationExercise - Clicked on Products button.
2026-02-10 15:42:22,777 [main] INFO AutomationExercise - ********** Clicking Proceed To Checkout Button **********
2026-02-10 15:42:22,799 [main] INFO AutomationExercise - ********** Clicking Register/Login button **********
2026-02-10 15:42:25,220 [main] INFO AutomationExercise - ********** Entered name and email for registration **********
2026-02-10 15:42:25,256 [main] INFO AutomationExercise - ********** Filling Account Information **********
2026-02-10 15:42:26,800 [main] INFO AutomationExercise - ********** Selecting Newsletter Checkbox **********
2026-02-10 15:42:26,820 [main] INFO AutomationExercise - ********** Selecting Special Offers Checkbox **********
2026-02-10 15:42:26,839 [main] INFO AutomationExercise - ********** Filling Address Information **********
2026-02-10 15:42:27,346 [main] INFO AutomationExercise - ********** Clicking Create Account Button **********
2026-02-10 15:42:29,296 [main] INFO AutomationExercise - ********** Verifying Account Creation Success **********
2026-02-10 15:42:29,316 [main] INFO AutomationExercise - ********** Clicking Continue Button **********
2026-02-10 15:42:31,113 [main] INFO AutomationExercise - ********** Navigating to Cart Page **********
2026-02-10 15:42:32,193 [main] INFO AutomationExercise - ********** Clicking Proceed To Checkout Button **********
2026-02-10 15:42:33,906 [main] INFO AutomationExercise - ********** Verifying Checkout Information **********
2026-02-10 15:42:33,944 [main] INFO AutomationExercise - Address Details and Review Order are successfully verified.
2026-02-10 15:42:33,944 [main] INFO AutomationExercise - ********** Finalizing Order with Comments **********
2026-02-10 15:42:34,827 [main] INFO AutomationExercise - ********** Entering Payment Information **********
2026-02-10 15:42:35,054 [main] INFO AutomationExercise - ********** Confirming the Order **********
2026-02-10 15:42:37,388 [main] INFO AutomationExercise - ********** Verifying Order Success Message **********
2026-02-10 15:42:37,411 [main] INFO AutomationExercise - Order successfully verified!
2026-02-10 15:42:37,414 [main] INFO AutomationExercise - ********** Initiating Account Deletion **********
2026-02-10 15:42:38,453 [main] INFO AutomationExercise - ********** Verifying Account Deletion and Closing Session **********
2026-02-10 15:42:46,459 [main] INFO AutomationExercise - ********** Browser Already Launched **********
2026-02-10 15:42:46,460 [main] INFO AutomationExercise - ********** Opening URL **********
2026-02-10 15:42:49,063 [main] INFO AutomationExercise - Clicked on Products button.
2026-02-10 15:42:59,835 [main] INFO AutomationExercise - Initial items in cart: 2
2026-02-10 15:43:06,684 [main] INFO AutomationExercise - ********** Browser Already Launched **********
2026-02-10 15:43:06,684 [main] INFO AutomationExercise - ********** Opening URL **********
2026-02-10 15:43:09,497 [main] INFO AutomationExercise - ********** Clicking the Scroll-Up Arrow **********
2026-02-10 15:43:09,524 [main] INFO AutomationExercise - ********** Verifying Scroll Up and Header Visibility **********
2026-02-10 15:43:09,544 [main] INFO AutomationExercise - Scroll up verified: Header text is visible.
2026-02-10 15:43:10,909 [main] INFO AutomationExercise - ********** Browser Already Launched **********
2026-02-10 15:43:10,909 [main] INFO AutomationExercise - ********** Opening URL **********
2026-02-10 15:43:15,587 [main] INFO AutomationExercise - ********** Scrolling back to the top of the page **********
2026-02-10 15:43:15,592 [main] INFO AutomationExercise - ********** Verifying Scroll Up and Header Visibility **********
2026-02-10 15:43:15,610 [main] INFO AutomationExercise - Scroll up verified: Header text is visible.
2026-02-10 15:43:21,970 [main] INFO AutomationExercise - ********** Browser Already Launched **********
2026-02-10 15:43:21,970 [main] INFO AutomationExercise - ********** Opening URL **********
2026-02-10 15:43:26,399 [main] INFO AutomationExercise - ********** Navigating to Cart Page **********
2026-02-10 15:43:35,008 [main] INFO AutomationExercise - ********** Browser Already Launched **********
2026-02-10 15:43:35,008 [main] INFO AutomationExercise - ********** Opening URL **********
2026-02-10 15:43:46,175 [main] INFO AutomationExercise - ********** Browser Already Launched **********
2026-02-10 15:43:46,176 [main] INFO AutomationExercise - ********** Opening URL **********
2026-02-10 15:43:57,587 [main] INFO AutomationExercise - ********** Browser Already Launched **********
2026-02-10 15:43:57,587 [main] INFO AutomationExercise - ********** Opening URL **********
2026-02-10 15:44:03,998 [main] INFO AutomationExercise - ********** Entered name and email for registration **********
2026-02-10 15:44:04,045 [main] INFO AutomationExercise - ********** Filling Account Information **********
2026-02-10 15:44:06,904 [main] INFO AutomationExercise - ********** Selecting Newsletter Checkbox **********
2026-02-10 15:44:06,924 [main] INFO AutomationExercise - ********** Selecting Special Offers Checkbox **********
2026-02-10 15:44:06,943 [main] INFO AutomationExercise - ********** Filling Address Information **********
2026-02-10 15:44:07,346 [main] INFO AutomationExercise - ********** Clicking Create Account Button **********
2026-02-10 15:44:11,026 [main] INFO AutomationExercise - ********** Verifying Account Creation Success **********
2026-02-10 15:44:11,049 [main] INFO AutomationExercise - ********** Clicking Continue Button **********
2026-02-10 15:44:13,094 [main] INFO AutomationExercise - Clicked on Products button.
2026-02-10 15:44:22,805 [main] INFO AutomationExercise - ********** Clicking Proceed To Checkout Button **********
2026-02-10 15:44:24,556 [main] INFO AutomationExercise - Comparing Final Cleaned Actual: [Los Angeles California 90001] with Cleaned Expected: [Los Angeles California 90001]
2026-02-10 15:44:24,556 [main] INFO AutomationExercise - ********** Verifying Billing Address **********
2026-02-10 15:44:24,576 [main] INFO AutomationExercise - Comparing Actual: [Los Angeles California 90001] with Expected: [Los Angeles California 90001]
2026-02-10 15:44:24,576 [main] INFO AutomationExercise - ********** Initiating Account Deletion **********
2026-02-10 15:44:26,109 [main] INFO AutomationExercise - ********** Verifying Account Deletion and Closing Session **********
2026-02-10 15:44:33,860 [main] INFO AutomationExercise - ********** Browser Already Launched **********
2026-02-10 15:44:33,861 [main] INFO AutomationExercise - ********** Opening URL **********
2026-02-10 15:45:51,225 [main] INFO AutomationExercise - ********** Navigating to Cart Page **********
2026-02-10 15:45:54,093 [main] INFO AutomationExercise - Entered subscription email: test@example.com
2026-02-10 15:45:54,116 [main] INFO AutomationExercise - Clicked on the subscribe button.
2026-02-10 15:45:54,156 [main] INFO AutomationExercise - Subscription message displayed: You have been successfully subscribed!
2026-02-10 15:46:00,773 [main] INFO AutomationExercise - ********** Browser Already Launched **********
2026-02-10 15:46:00,774 [main] INFO AutomationExercise - ********** Opening URL **********
2026-02-10 15:46:03,070 [main] INFO AutomationExercise - Entered subscription email: test@example.com
2026-02-10 15:46:03,092 [main] INFO AutomationExercise - Clicked on the subscribe button.
2026-02-10 15:46:03,132 [main] INFO AutomationExercise - Subscription message displayed: You have been successfully subscribed!
2026-02-10 15:46:04,401 [main] INFO AutomationExercise - ********** Browser Already Launched **********
2026-02-10 15:46:04,401 [main] INFO AutomationExercise - ********** Opening URL **********
2026-02-10 15:46:08,440 [main] INFO AutomationExercise - Clicked on Products button.
2026-02-10 15:46:21,193 [main] INFO AutomationExercise - Increased quantity to: 4
2026-02-10 15:46:23,888 [main] INFO AutomationExercise - Verifying quantity. Expected: 4 | Actual: 4
2026-02-10 15:48:43,167 [main] INFO AutomationExercise - ********** Browser Already Launched **********
2026-02-10 15:48:43,170 [main] INFO AutomationExercise - ********** Opening URL **********
2026-02-10 15:48:49,468 [main] INFO AutomationExercise - ********** Entered name and email for registration **********
2026-02-10 15:48:49,508 [main] INFO AutomationExercise - ********** Filling Account Information **********
2026-02-10 15:48:51,729 [main] INFO AutomationExercise - ********** Selecting Newsletter Checkbox **********
2026-02-10 15:48:51,753 [main] INFO AutomationExercise - ********** Selecting Special Offers Checkbox **********
2026-02-10 15:48:51,775 [main] INFO AutomationExercise - ********** Filling Address Information **********
2026-02-10 15:48:52,179 [main] INFO AutomationExercise - ********** Clicking Create Account Button **********
2026-02-10 15:48:52,214 [main] INFO AutomationExercise - ********** Verifying Account Creation Success **********
2026-02-10 15:49:14,643 [main] INFO AutomationExercise - ********** Browser Already Launched **********
2026-02-10 15:49:14,647 [main] INFO AutomationExercise - ********** Opening URL **********
2026-02-10 15:49:22,861 [main] INFO AutomationExercise - ********** Entered name and email for registration **********
2026-02-10 15:49:22,900 [main] INFO AutomationExercise - ********** Filling Account Information **********
2026-02-10 15:49:25,805 [main] INFO AutomationExercise - ********** Selecting Newsletter Checkbox **********
2026-02-10 15:49:25,829 [main] INFO AutomationExercise - ********** Selecting Special Offers Checkbox **********
2026-02-10 15:49:25,852 [main] INFO AutomationExercise - ********** Filling Address Information **********
2026-02-10 15:49:26,286 [main] INFO AutomationExercise - ********** Clicking Create Account Button **********
2026-02-10 15:49:28,618 [main] INFO AutomationExercise - ********** Verifying Account Creation Success **********
2026-02-10 15:49:28,641 [main] INFO AutomationExercise - ********** Clicking Continue Button **********
2026-02-10 15:49:31,266 [main] INFO AutomationExercise - ********** Initiating Account Deletion **********
2026-02-10 15:49:32,201 [main] INFO AutomationExercise - ********** Verifying Account Deletion and Closing Session **********
2026-02-10 15:49:49,759 [main] INFO AutomationExercise - ********** Browser Already Launched **********
2026-02-10 15:49:49,762 [main] INFO AutomationExercise - ********** Opening URL **********
2026-02-10 15:50:30,219 [main] INFO AutomationExercise - ********** Browser Already Launched **********
2026-02-10 15:50:30,221 [main] INFO AutomationExercise - ********** Opening URL **********
2026-02-10 15:50:37,277 [main] INFO AutomationExercise - ********** Entered name and email for registration **********
2026-02-10 15:50:39,654 [main] INFO AutomationExercise - ********** Filling Account Information **********
2026-02-10 15:50:40,344 [main] INFO AutomationExercise - ********** Selecting Newsletter Checkbox **********
2026-02-10 15:50:40,379 [main] INFO AutomationExercise - ********** Selecting Special Offers Checkbox **********
2026-02-10 15:50:40,412 [main] INFO AutomationExercise - ********** Filling Address Information **********
2026-02-10 15:50:41,141 [main] INFO AutomationExercise - ********** Clicking Create Account Button **********
2026-02-10 15:50:43,552 [main] INFO AutomationExercise - ********** Verifying Account Creation Success **********
2026-02-10 15:50:43,714 [main] INFO AutomationExercise - ********** Clicking Continue Button **********
2026-02-10 15:50:46,243 [main] INFO AutomationExercise - Clicked on Products button.
2026-02-10 15:50:55,816 [main] INFO AutomationExercise - ********** Clicking Proceed To Checkout Button **********
2026-02-10 15:50:57,492 [main] INFO AutomationExercise - ********** Verifying Checkout Information **********
2026-02-10 15:50:57,530 [main] INFO AutomationExercise - Address Details and Review Order are successfully verified.
2026-02-10 15:50:57,531 [main] INFO AutomationExercise - ********** Finalizing Order with Comments **********
2026-02-10 15:50:58,824 [main] INFO AutomationExercise - ********** Entering Payment Information **********
2026-02-10 15:50:59,009 [main] INFO AutomationExercise - ********** Confirming the Order **********
2026-02-10 15:51:01,935 [main] INFO AutomationExercise - ********** Verifying Order Success Message **********
2026-02-10 15:51:01,955 [main] INFO AutomationExercise - Order successfully verified!
2026-02-10 15:51:01,957 [main] INFO AutomationExercise - ********** Initiating Account Deletion **********
2026-02-10 15:51:02,865 [main] INFO AutomationExercise - ********** Verifying Account Deletion and Closing Session **********
2026-02-10 15:52:36,770 [main] INFO AutomationExercise - ********** Browser Already Launched **********
2026-02-10 15:52:36,772 [main] INFO AutomationExercise - ********** Opening URL **********
2026-02-10 15:52:46,543 [main] INFO AutomationExercise - Clicked on Products button.
2026-02-10 15:52:57,180 [main] INFO AutomationExercise - ********** Clicking Proceed To Checkout Button **********
2026-02-10 15:52:58,098 [main] INFO AutomationExercise - ********** Verifying Checkout Information **********
2026-02-10 15:52:58,142 [main] INFO AutomationExercise - Address Details and Review Order are successfully verified.
2026-02-10 15:52:58,143 [main] INFO AutomationExercise - ********** Finalizing Order with Comments **********
2026-02-10 15:52:59,675 [main] INFO AutomationExercise - ********** Entering Payment Information **********
2026-02-10 15:52:59,872 [main] INFO AutomationExercise - ********** Confirming the Order **********
2026-02-10 15:53:03,021 [main] INFO AutomationExercise - ********** Verifying Order Success Message **********
2026-02-10 15:53:03,041 [main] INFO AutomationExercise - Order successfully verified!
2026-02-10 15:53:03,044 [main] INFO AutomationExercise - ********** Initiating Account Deletion **********
2026-02-10 15:53:03,864 [main] INFO AutomationExercise - ********** Verifying Account Deletion and Closing Session **********
2026-02-10 15:57:53,950 [main] INFO AutomationExercise - ********** Browser Already Launched **********
2026-02-10 15:57:53,953 [main] INFO AutomationExercise - ********** Opening URL **********
2026-02-10 15:58:00,127 [main] INFO AutomationExercise - ********** Entered name and email for registration **********
2026-02-10 15:58:00,198 [main] INFO AutomationExercise - ********** Filling Account Information **********
2026-02-10 15:58:02,215 [main] INFO AutomationExercise - ********** Selecting Newsletter Checkbox **********
2026-02-10 15:58:02,238 [main] INFO AutomationExercise - ********** Selecting Special Offers Checkbox **********
2026-02-10 15:58:02,261 [main] INFO AutomationExercise - ********** Filling Address Information **********
2026-02-10 15:58:02,700 [main] INFO AutomationExercise - ********** Clicking Create Account Button **********
2026-02-10 15:58:05,300 [main] INFO AutomationExercise - ********** Verifying Account Creation Success **********
2026-02-10 15:58:05,330 [main] INFO AutomationExercise - ********** Clicking Continue Button **********
2026-02-10 15:58:07,772 [main] INFO AutomationExercise - ********** Initiating Account Deletion **********
2026-02-10 15:58:09,373 [main] INFO AutomationExercise - ********** Verifying Account Deletion and Closing Session **********
